user_id,age,gender,genre,listen_count,avg_listen_duration,completion_rate
1,76,M,classical,3,95395.6667,0.0
1,76,M,hip-hop,3,119548.0,0.0
1,76,M,jazz,7,71189.1429,0.0
1,76,M,pop,11,87430.5455,36.3636
1,76,M,rock,4,146905.5,25.0
2,15,Other,classical,2,247379.0,0.0
2,15,Other,hip-hop,7,85514.5714,0.0
2,15,Other,jazz,5,129547.2,20.0
2,15,Other,pop,8,60194.75,25.0
2,15,Other,rock,3,99155.3333,0.0
3,13,Other,classical,3,88069.6667,0.0
3,13,Other,hip-hop,4,52960.5,0.0
3,13,Other,jazz,4,130578.0,0.0
3,13,Other,pop,10,113058.3,50.0
3,13,Other,rock,1,74375.0,0.0
4,62,Other,classical,2,126245.5,0.0
4,62,Other,hip-hop,8,135875.375,37.5
4,62,Other,jazz,2,8259.0,0.0
4,62,Other,pop,9,44380.3333,11.1111
4,62,Other,rock,2,216880.5,50.0
5,51,F,classical,6,136994.5,0.0
5,51,F,hip-hop,4,43241.0,0.0
5,51,F,jazz,4,78749.5,0.0
5,51,F,pop,9,58870.8889,33.3333
5,51,F,rock,7,78158.8571,0.0
6,80,F,classical,3,94126.0,0.0
6,80,F,hip-hop,6,163335.8333,16.6667
6,80,F,jazz,5,102776.4,20.0
6,80,F,pop,8,51088.0,37.5
6,80,F,rock,5,119099.2,0.0
7,45,M,classical,5,40911.8,0.0
7,45,M,hip-hop,6,83268.8333,0.0
7,45,M,jazz,3,37121.6667,0.0
7,45,M,pop,8,42658.75,50.0
7,45,M,rock,3,202609.0,0.0
8,68,F,classical,4,50430.75,0.0
8,68,F,hip-hop,2,96342.5,0.0
8,68,F,jazz,3,150432.6667,0.0
8,68,F,pop,9,46603.5556,44.4444
8,68,F,rock,4,170375.75,25.0
9,60,Other,classical,3,71823.6667,0.0
9,60,Other,hip-hop,2,98365.5,0.0
9,60,Other,jazz,5,89734.2,0.0
9,60,Other,pop,4,65907.25,25.0
9,60,Other,rock,2,102771.0,0.0
10,17,M,classical,3,118545.3333,0.0
10,17,M,hip-hop,4,48856.75,0.0
10,17,M,jazz,1,61323.0,0.0
10,17,M,pop,3,25134.0,33.3333
10,17,M,rock,6,88121.3333,0.0
11,78,F,classical,4,89123.25,25.0
11,78,F,hip-hop,1,37233.0,0.0
11,78,F,jazz,3,74041.3333,0.0
11,78,F,pop,2,156122.0,50.0
11,78,F,rock,5,131382.2,0.0
12,72,F,classical,1,268641.0,100.0
12,72,F,hip-hop,6,93018.1667,16.6667
12,72,F,jazz,5,85122.2,0.0
12,72,F,pop,3,123848.6667,0.0
12,72,F,rock,3,162371.0,0.0
13,27,F,classical,4,90344.25,0.0
13,27,F,hip-hop,3,60327.3333,0.0
13,27,F,pop,2,150135.0,0.0
13,27,F,rock,1,80726.0,0.0
14,54,M,classical,3,223550.0,0.0
14,54,M,hip-hop,3,120827.6667,33.3333
14,54,M,jazz,3,198865.6667,0.0
14,54,M,pop,3,62125.0,0.0
14,54,M,rock,2,182439.5,50.0
15,23,F,classical,4,199504.75,0.0
15,23,F,hip-hop,1,163380.0,0.0
15,23,F,jazz,2,73817.5,0.0
15,23,F,pop,4,69076.0,0.0
15,23,F,rock,6,123649.8333,16.6667
16,57,M,classical,3,127282.0,0.0
16,57,M,hip-hop,2,161617.5,50.0
16,57,M,jazz,5,96857.2,40.0
16,57,M,pop,4,123920.0,0.0
16,57,M,rock,3,104894.6667,0.0
17,34,M,classical,5,274633.0,40.0
17,34,M,hip-hop,2,116627.0,0.0
17,34,M,jazz,2,86572.5,0.0
17,34,M,pop,6,104553.5,16.6667
17,34,M,rock,4,101193.25,0.0
18,51,Other,classical,3,65248.6667,33.3333
18,51,Other,hip-hop,5,101013.8,0.0
18,51,Other,jazz,4,97577.75,25.0
18,51,Other,rock,2,121265.0,50.0
19,62,M,classical,4,93994.25,25.0
19,62,M,hip-hop,4,102121.75,0.0
19,62,M,jazz,3,87403.6667,33.3333
19,62,M,pop,5,111251.2,0.0
19,62,M,rock,3,127208.0,33.3333
20,58,F,classical,4,52240.5,0.0
20,58,F,hip-hop,4,65848.25,0.0
20,58,F,jazz,4,105145.5,25.0
20,58,F,pop,5,158954.8,0.0
20,58,F,rock,4,113881.0,50.0
21,78,Other,hip-hop,2,101223.0,0.0
21,78,Other,jazz,10,68234.9,0.0
21,78,Other,pop,3,107825.6667,0.0
21,78,Other,rock,4,121192.25,25.0
22,26,M,classical,5,110415.6,0.0
22,26,M,hip-hop,1,118343.0,0.0
22,26,M,jazz,4,97229.0,0.0
22,26,M,pop,5,105313.4,0.0
22,26,M,rock,8,121719.75,0.0
23,68,M,classical,3,221697.0,33.3333
23,68,M,hip-hop,3,65930.0,0.0
23,68,M,jazz,3,20564.6667,0.0
23,68,M,pop,5,102491.4,20.0
23,68,M,rock,7,139615.4286,0.0
24,38,F,classical,2,238213.5,0.0
24,38,F,hip-hop,3,96637.6667,0.0
24,38,F,pop,1,112089.0,0.0
25,37,Other,classical,6,115845.8333,0.0
25,37,Other,hip-hop,5,86461.4,0.0
25,37,Other,pop,4,76264.5,0.0
25,37,Other,rock,2,139201.0,50.0
26,56,F,classical,6,101958.5,0.0
26,56,F,hip-hop,6,97825.1667,0.0
26,56,F,jazz,6,96978.3333,0.0
26,56,F,pop,1,97009.0,0.0
26,56,F,rock,6,141047.1667,16.6667
27,35,F,classical,5,42819.2,0.0
27,35,F,hip-hop,2,110424.0,0.0
27,35,F,jazz,8,159648.625,0.0
27,35,F,pop,4,106229.0,0.0
27,35,F,rock,2,86730.5,0.0
28,54,F,classical,4,101648.5,0.0
28,54,F,hip-hop,2,86378.0,50.0
28,54,F,jazz,4,189207.75,0.0
28,54,F,pop,1,105031.0,0.0
28,54,F,rock,4,96311.75,0.0
29,64,M,classical,2,77834.5,0.0
29,64,M,hip-hop,7,58895.7143,0.0
29,64,M,jazz,6,89669.6667,0.0
29,64,M,pop,4,54415.25,0.0
29,64,M,rock,9,95463.3333,22.2222
30,17,M,classical,3,148934.6667,0.0
30,17,M,hip-hop,5,110617.6,20.0
30,17,M,jazz,3,72909.6667,0.0
30,17,M,pop,6,123490.8333,0.0
30,17,M,rock,2,93707.0,0.0
31,54,Other,classical,4,137810.75,0.0
31,54,Other,hip-hop,4,125004.75,0.0
31,54,Other,jazz,4,96013.5,0.0
31,54,Other,pop,2,106401.5,0.0
31,54,Other,rock,1,109077.0,0.0
32,56,M,classical,3,108567.3333,0.0
32,56,M,hip-hop,3,34768.6667,0.0
32,56,M,jazz,3,81222.0,0.0
32,56,M,pop,2,167134.5,0.0
32,56,M,rock,6,90073.6667,0.0
33,15,M,classical,7,113490.5714,14.2857
33,15,M,hip-hop,2,151650.0,0.0
33,15,M,jazz,9,102811.2222,0.0
33,15,M,pop,3,87907.3333,33.3333
33,15,M,rock,5,145322.8,20.0
34,44,M,classical,2,66209.5,0.0
34,44,M,hip-hop,1,76197.0,0.0
34,44,M,jazz,1,54765.0,0.0
34,44,M,pop,2,145657.0,0.0
34,44,M,rock,5,220427.2,40.0
35,39,Other,classical,3,100612.3333,0.0
35,39,Other,hip-hop,4,109100.25,25.0
35,39,Other,jazz,2,97452.5,50.0
35,39,Other,pop,4,75199.0,0.0
35,39,Other,rock,4,102315.25,0.0
36,50,M,classical,5,100172.6,0.0
36,50,M,hip-hop,3,167252.3333,33.3333
36,50,M,jazz,5,113316.0,0.0
36,50,M,pop,4,86914.0,0.0
36,50,M,rock,5,93094.0,0.0
37,63,M,classical,3,149039.6667,0.0
37,63,M,hip-hop,6,89018.6667,0.0
37,63,M,jazz,2,129523.0,0.0
37,63,M,pop,3,127357.0,33.3333
37,63,M,rock,2,135646.0,50.0
38,42,M,hip-hop,4,94519.5,25.0
38,42,M,jazz,6,105240.8333,0.0
38,42,M,pop,3,151929.0,0.0
38,42,M,rock,5,90611.2,0.0
39,29,M,classical,3,153181.6667,66.6667
39,29,M,hip-hop,5,144964.4,20.0
39,29,M,jazz,3,119555.3333,33.3333
39,29,M,pop,2,133787.0,0.0
39,29,M,rock,5,85219.0,0.0
40,13,F,classical,3,193715.0,0.0
40,13,F,hip-hop,2,75399.0,0.0
40,13,F,jazz,6,87788.3333,0.0
40,13,F,pop,4,123915.0,0.0
40,13,F,rock,6,106751.6667,16.6667
41,66,F,classical,2,90419.0,0.0
41,66,F,hip-hop,3,92068.0,0.0
41,66,F,jazz,3,119330.3333,0.0
41,66,F,pop,4,57461.0,0.0
41,66,F,rock,1,172120.0,0.0
42,34,F,classical,3,121684.3333,0.0
42,34,F,hip-hop,8,94862.75,0.0
42,34,F,jazz,4,125449.5,0.0
42,34,F,pop,7,131091.1429,14.2857
42,34,F,rock,6,98105.0,0.0
43,55,Other,classical,2,154743.0,0.0
43,55,Other,hip-hop,7,125839.8571,14.2857
43,55,Other,jazz,2,120230.0,50.0
43,55,Other,pop,4,104474.0,0.0
43,55,Other,rock,4,156173.75,25.0
44,20,F,classical,9,76927.3333,11.1111
44,20,F,hip-hop,2,48245.0,0.0
44,20,F,jazz,1,13529.0,0.0
44,20,F,pop,5,154063.0,20.0
44,20,F,rock,2,39283.0,0.0
45,70,Other,classical,1,65272.0,0.0
45,70,Other,hip-hop,1,21577.0,0.0
45,70,Other,jazz,5,143565.4,0.0
45,70,Other,pop,5,119240.6,20.0
45,70,Other,rock,3,109556.6667,0.0
46,79,F,classical,4,94140.25,25.0
46,79,F,hip-hop,3,102075.3333,0.0
46,79,F,jazz,2,38646.0,0.0
46,79,F,pop,2,172441.0,0.0
46,79,F,rock,4,104215.75,0.0
47,18,F,classical,4,137819.0,0.0
47,18,F,hip-hop,3,148208.3333,0.0
47,18,F,jazz,1,226917.0,0.0
47,18,F,pop,2,118435.0,0.0
47,18,F,rock,5,94031.6,0.0
48,57,M,classical,4,133639.75,0.0
48,57,M,hip-hop,4,83997.75,0.0
48,57,M,jazz,3,32301.6667,0.0
48,57,M,pop,4,151776.0,0.0
48,57,M,rock,5,106303.2,0.0
49,60,M,classical,1,67653.0,0.0
49,60,M,hip-hop,1,127759.0,0.0
49,60,M,jazz,5,99767.6,20.0
49,60,M,rock,5,169364.4,20.0
50,75,F,classical,4,39897.0,0.0
50,75,F,hip-hop,3,106296.6667,0.0
50,75,F,jazz,1,34050.0,0.0
50,75,F,pop,2,62271.0,0.0
50,75,F,rock,3,96502.0,0.0
51,23,F,classical,3,108353.6667,33.3333
51,23,F,hip-hop,2,127674.0,0.0
51,23,F,jazz,3,83826.3333,0.0
51,23,F,pop,1,114329.0,0.0
51,23,F,rock,5,69620.8,0.0
52,47,Other,classical,3,171376.6667,33.3333
52,47,Other,hip-hop,1,33665.0,0.0
52,47,Other,jazz,6,119289.3333,0.0
52,47,Other,pop,7,135562.4286,0.0
52,47,Other,rock,4,94539.25,0.0
53,37,Other,classical,4,24975.25,0.0
53,37,Other,hip-hop,6,124269.8333,0.0
53,37,Other,jazz,4,114844.5,0.0
53,37,Other,pop,5,49952.6,0.0
53,37,Other,rock,3,169809.6667,0.0
54,22,F,classical,4,107626.0,50.0
54,22,F,hip-hop,2,109520.0,0.0
54,22,F,jazz,2,113357.5,0.0
54,22,F,pop,6,108802.5,0.0
54,22,F,rock,7,91058.1429,0.0
55,40,Other,classical,2,51560.5,0.0
55,40,Other,hip-hop,2,21512.5,0.0
55,40,Other,jazz,6,121094.1667,0.0
55,40,Other,pop,4,148901.25,0.0
55,40,Other,rock,4,69087.75,0.0
56,38,F,classical,4,228824.5,0.0
56,38,F,hip-hop,2,33565.0,0.0
56,38,F,jazz,2,190655.0,0.0
56,38,F,pop,6,79258.0,0.0
56,38,F,rock,5,118538.4,20.0
57,15,F,classical,3,153422.6667,33.3333
57,15,F,jazz,6,138894.1667,0.0
57,15,F,pop,2,124352.0,50.0
57,15,F,rock,1,11552.0,0.0
58,40,M,classical,3,75717.6667,0.0
58,40,M,hip-hop,3,98959.3333,0.0
58,40,M,jazz,5,146463.4,40.0
58,40,M,pop,5,94571.2,20.0
58,40,M,rock,6,112102.5,0.0
59,67,F,classical,5,109826.4,20.0
59,67,F,hip-hop,5,122749.2,20.0
59,67,F,jazz,5,119130.6,20.0
59,67,F,pop,3,111895.6667,0.0
59,67,F,rock,6,88653.1667,0.0
60,67,M,classical,2,41706.5,0.0
60,67,M,hip-hop,2,69650.5,0.0
60,67,M,jazz,3,214666.0,66.6667
60,67,M,pop,2,148698.0,0.0
60,67,M,rock,2,116367.5,0.0
61,31,M,classical,4,113408.0,25.0
61,31,M,hip-hop,4,105565.25,25.0
61,31,M,jazz,3,62511.6667,0.0
61,31,M,pop,2,196152.0,50.0
61,31,M,rock,3,182967.0,33.3333
62,39,F,classical,2,140903.5,50.0
62,39,F,hip-hop,7,118403.1429,14.2857
62,39,F,jazz,6,121436.0,16.6667
62,39,F,pop,3,171004.3333,33.3333
62,39,F,rock,2,66851.0,0.0
63,17,Other,classical,8,144377.5,0.0
63,17,Other,hip-hop,2,111949.5,50.0
63,17,Other,jazz,3,131166.3333,33.3333
63,17,Other,pop,2,136570.5,0.0
63,17,Other,rock,3,171314.6667,33.3333
64,46,Other,classical,7,92014.5714,0.0
64,46,Other,hip-hop,4,78908.25,0.0
64,46,Other,jazz,4,67045.25,0.0
64,46,Other,pop,2,166915.5,0.0
64,46,Other,rock,4,165948.5,25.0
65,62,F,classical,6,122808.0,0.0
65,62,F,jazz,5,145993.0,40.0
65,62,F,pop,2,259074.5,100.0
65,62,F,rock,8,142190.0,25.0
66,68,F,classical,4,135499.0,25.0
66,68,F,hip-hop,3,65616.6667,0.0
66,68,F,jazz,7,53883.5714,0.0
66,68,F,pop,3,94674.3333,0.0
66,68,F,rock,3,68272.6667,0.0
67,75,F,classical,5,76815.6,0.0
67,75,F,hip-hop,5,128104.0,40.0
67,75,F,jazz,4,82467.0,0.0
67,75,F,pop,2,103111.5,0.0
67,75,F,rock,2,148279.5,0.0
68,41,F,classical,2,196592.5,0.0
68,41,F,hip-hop,3,116020.0,0.0
68,41,F,jazz,2,114476.5,0.0
68,41,F,pop,1,228132.0,100.0
68,41,F,rock,2,76382.5,0.0
69,32,F,classical,5,113629.8,0.0
69,32,F,hip-hop,4,64887.25,0.0
69,32,F,jazz,1,135680.0,100.0
69,32,F,pop,6,109178.1667,0.0
69,32,F,rock,4,86385.75,0.0
70,40,M,classical,6,108708.3333,16.6667
70,40,M,hip-hop,4,119514.0,25.0
70,40,M,jazz,2,192938.5,50.0
70,40,M,pop,2,73449.5,0.0
70,40,M,rock,3,30627.0,0.0
71,53,M,classical,4,53083.75,0.0
71,53,M,hip-hop,1,4882.0,0.0
71,53,M,jazz,1,93610.0,0.0
71,53,M,pop,4,93555.0,25.0
71,53,M,rock,5,151166.6,20.0
72,71,Other,classical,6,107173.0,0.0
72,71,Other,jazz,4,144361.25,0.0
72,71,Other,pop,3,96418.0,33.3333
72,71,Other,rock,3,38361.0,0.0
73,48,M,classical,3,257033.6667,0.0
73,48,M,hip-hop,3,82044.0,0.0
73,48,M,jazz,4,170239.25,25.0
73,48,M,pop,1,222576.0,100.0
74,35,M,classical,3,112802.0,0.0
74,35,M,hip-hop,3,81384.3333,0.0
74,35,M,jazz,6,133689.3333,16.6667
74,35,M,pop,2,99637.0,0.0
74,35,M,rock,5,180085.0,40.0
75,20,M,classical,4,99809.5,0.0
75,20,M,hip-hop,3,155171.0,66.6667
75,20,M,jazz,1,141495.0,0.0
75,20,M,pop,5,124768.6,0.0
75,20,M,rock,5,167936.6,0.0
76,13,M,classical,4,179382.75,25.0
76,13,M,hip-hop,4,95224.25,25.0
76,13,M,jazz,5,81299.0,0.0
76,13,M,rock,4,180228.5,25.0
77,59,M,classical,4,151378.75,0.0
77,59,M,hip-hop,6,86662.8333,0.0
77,59,M,jazz,4,109434.75,0.0
77,59,M,pop,3,35306.3333,0.0
77,59,M,rock,3,51227.0,0.0
78,68,Other,classical,5,148426.6,40.0
78,68,Other,hip-hop,5,75209.0,0.0
78,68,Other,jazz,3,37662.3333,0.0
78,68,Other,pop,3,95772.0,0.0
78,68,Other,rock,3,137484.6667,0.0
79,15,M,classical,3,76044.6667,0.0
79,15,M,hip-hop,3,121551.6667,0.0
79,15,M,jazz,4,146722.25,50.0
79,15,M,pop,2,177230.0,100.0
79,15,M,rock,4,155942.0,25.0
80,42,F,classical,3,120934.0,0.0
80,42,F,hip-hop,3,115932.6667,0.0
80,42,F,jazz,3,72685.6667,0.0
80,42,F,pop,3,120961.0,33.3333
80,42,F,rock,3,114485.6667,0.0
81,36,Other,classical,8,108810.875,0.0
81,36,Other,hip-hop,5,111367.4,0.0
81,36,Other,jazz,2,199381.0,0.0
81,36,Other,pop,2,63864.5,0.0
81,36,Other,rock,3,97873.3333,0.0
82,47,M,classical,6,192329.1667,33.3333
82,47,M,jazz,3,145933.0,0.0
82,47,M,pop,1,33412.0,0.0
82,47,M,rock,2,124350.0,0.0
83,35,Other,hip-hop,7,51961.8571,14.2857
83,35,Other,jazz,5,139476.2,20.0
83,35,Other,pop,1,194613.0,0.0
83,35,Other,rock,7,80138.0,0.0
84,45,M,classical,3,59845.0,0.0
84,45,M,hip-hop,2,138914.5,0.0
84,45,M,jazz,2,37318.0,0.0
84,45,M,pop,2,15369.5,0.0
84,45,M,rock,6,139712.5,33.3333
85,38,Other,classical,3,258521.6667,0.0
85,38,Other,hip-hop,4,70614.0,0.0
85,38,Other,jazz,3,58598.0,0.0
85,38,Other,pop,5,82637.2,0.0
85,38,Other,rock,4,133611.0,25.0
86,53,F,classical,5,76984.2,0.0
86,53,F,hip-hop,2,116312.5,0.0
86,53,F,jazz,2,127175.5,0.0
86,53,F,pop,3,48339.3333,0.0
86,53,F,rock,5,110698.2,0.0
87,58,Other,classical,1,9020.0,0.0
87,58,Other,hip-hop,3,108577.6667,33.3333
87,58,Other,jazz,4,71355.5,0.0
87,58,Other,pop,4,112988.5,25.0
87,58,Other,rock,6,141339.3333,0.0
88,51,M,classical,3,125753.0,0.0
88,51,M,hip-hop,3,94983.0,33.3333
88,51,M,jazz,7,125350.4286,0.0
88,51,M,pop,4,72255.0,0.0
88,51,M,rock,3,60464.3333,0.0
89,57,F,classical,5,133644.4,0.0
89,57,F,hip-hop,3,174248.6667,0.0
89,57,F,jazz,2,101112.5,0.0
89,57,F,pop,6,112246.3333,16.6667
89,57,F,rock,6,129235.8333,0.0
90,50,F,classical,4,72410.25,0.0
90,50,F,hip-hop,4,114325.25,25.0
90,50,F,jazz,5,117969.6,20.0
90,50,F,pop,3,127116.3333,0.0
90,50,F,rock,9,115505.0,11.1111
91,75,Other,classical,2,90033.0,0.0
91,75,Other,hip-hop,3,85469.0,33.3333
91,75,Other,jazz,7,128444.1429,14.2857
91,75,Other,pop,7,83744.4286,14.2857
91,75,Other,rock,5,139752.8,0.0
92,35,M,classical,1,519959.0,0.0
92,35,M,hip-hop,6,106068.3333,0.0
92,35,M,jazz,3,111965.6667,0.0
92,35,M,pop,4,120076.5,0.0
92,35,M,rock,2,97768.0,0.0
93,46,F,classical,3,169503.6667,33.3333
93,46,F,hip-hop,4,70344.5,0.0
93,46,F,jazz,3,46995.6667,0.0
93,46,F,pop,2,129695.5,0.0
93,46,F,rock,3,120574.6667,0.0
94,44,F,classical,6,132281.0,0.0
94,44,F,hip-hop,3,76762.0,0.0
94,44,F,jazz,4,139604.25,25.0
94,44,F,pop,2,111455.5,0.0
94,44,F,rock,3,102972.6667,0.0
95,21,Other,classical,1,140014.0,0.0
95,21,Other,hip-hop,3,58440.0,0.0
95,21,Other,jazz,8,192754.875,37.5
95,21,Other,pop,1,81393.0,0.0
95,21,Other,rock,4,86256.0,0.0
96,57,M,classical,8,73745.875,12.5
96,57,M,hip-hop,7,159512.0,42.8571
96,57,M,jazz,3,73287.6667,0.0
96,57,M,pop,5,82779.2,20.0
96,57,M,rock,6,98117.1667,16.6667
97,41,F,classical,2,29789.0,0.0
97,41,F,hip-hop,2,158895.0,0.0
97,41,F,jazz,3,78193.3333,33.3333
97,41,F,pop,3,101813.0,0.0
97,41,F,rock,8,74405.5,0.0
98,54,F,classical,3,90775.0,0.0
98,54,F,hip-hop,4,171271.25,25.0
98,54,F,jazz,3,113936.3333,33.3333
98,54,F,pop,5,62706.6,0.0
98,54,F,rock,3,115703.6667,0.0
99,70,M,classical,8,119703.375,25.0
99,70,M,hip-hop,2,95777.5,0.0
99,70,M,jazz,1,36695.0,0.0
99,70,M,pop,4,104363.75,0.0
99,70,M,rock,4,75466.5,0.0
100,32,M,classical,4,81686.75,0.0
100,32,M,hip-hop,3,68417.3333,33.3333
100,32,M,jazz,7,89490.8571,0.0
100,32,M,pop,3,58792.0,0.0
100,32,M,rock,4,156574.25,25.0
101,62,M,hip-hop,2,48847.0,0.0
101,62,M,jazz,4,133276.75,25.0
101,62,M,pop,2,143952.5,0.0
101,62,M,rock,1,110970.0,0.0
102,43,M,classical,1,28662.0,0.0
102,43,M,hip-hop,2,70310.5,0.0
102,43,M,jazz,2,80670.0,0.0
102,43,M,pop,2,54706.0,0.0
102,43,M,rock,4,130478.5,0.0
103,61,Other,classical,4,61076.5,0.0
103,61,Other,hip-hop,3,63441.6667,0.0
103,61,Other,jazz,3,157662.3333,0.0
103,61,Other,pop,3,82766.6667,0.0
103,61,Other,rock,1,60920.0,0.0
104,16,Other,classical,9,128446.2222,33.3333
104,16,Other,jazz,2,46773.5,0.0
104,16,Other,pop,5,110315.4,0.0
104,16,Other,rock,6,164824.1667,33.3333
105,78,F,classical,8,70042.125,0.0
105,78,F,hip-hop,3,117878.3333,0.0
105,78,F,jazz,6,75362.3333,0.0
105,78,F,pop,6,91523.0,0.0
105,78,F,rock,5,99688.6,0.0
106,33,Other,classical,4,74269.75,0.0
106,33,Other,hip-hop,8,84775.375,0.0
106,33,Other,jazz,7,71433.5714,0.0
106,33,Other,pop,1,67416.0,0.0
106,33,Other,rock,2,104641.0,0.0
107,49,M,classical,5,126517.0,0.0
107,49,M,hip-hop,4,106959.75,0.0
107,49,M,jazz,7,158113.0,14.2857
107,49,M,pop,3,58653.6667,0.0
107,49,M,rock,2,115171.5,0.0
108,70,M,classical,2,57554.5,0.0
108,70,M,hip-hop,5,74363.4,0.0
108,70,M,jazz,2,106133.5,0.0
108,70,M,pop,7,124066.1429,14.2857
108,70,M,rock,7,57224.8571,0.0
109,61,M,classical,3,56550.0,0.0
109,61,M,hip-hop,5,140869.2,20.0
109,61,M,jazz,1,83481.0,0.0
109,61,M,pop,1,143918.0,0.0
109,61,M,rock,5,129801.8,20.0
110,76,Other,classical,3,41697.0,0.0
110,76,Other,hip-hop,4,109452.0,0.0
110,76,Other,jazz,3,141921.0,66.6667
110,76,Other,pop,7,82634.0,0.0
110,76,Other,rock,4,153437.0,0.0
111,64,F,classical,4,145534.25,0.0
111,64,F,hip-hop,3,121498.0,33.3333
111,64,F,jazz,4,126834.25,25.0
111,64,F,pop,3,101169.0,0.0
111,64,F,rock,2,73085.5,0.0
112,57,Other,classical,2,116624.5,0.0
112,57,Other,hip-hop,4,100803.0,0.0
112,57,Other,jazz,2,86328.5,0.0
112,57,Other,pop,4,152084.0,0.0
112,57,Other,rock,3,29905.0,0.0
113,17,Other,classical,4,210095.5,0.0
113,17,Other,hip-hop,3,62009.3333,0.0
113,17,Other,jazz,4,106761.5,0.0
113,17,Other,pop,5,80284.2,20.0
113,17,Other,rock,3,82877.0,0.0
114,18,F,classical,3,142735.3333,33.3333
114,18,F,hip-hop,6,144875.3333,0.0
114,18,F,jazz,6,74343.1667,16.6667
114,18,F,pop,3,55796.6667,0.0
114,18,F,rock,4,106376.75,0.0
115,63,M,classical,8,71022.375,12.5
115,63,M,hip-hop,4,65949.75,0.0
115,63,M,jazz,7,98459.2857,0.0
115,63,M,pop,4,138844.25,0.0
115,63,M,rock,2,77508.5,0.0
116,60,F,classical,2,240068.5,50.0
116,60,F,hip-hop,4,101689.25,25.0
116,60,F,jazz,4,103971.0,0.0
116,60,F,pop,4,140530.5,0.0
116,60,F,rock,2,85960.0,0.0
117,66,F,classical,8,93230.875,0.0
117,66,F,hip-hop,4,175711.25,75.0
117,66,F,jazz,4,152879.5,0.0
117,66,F,pop,2,116279.5,0.0
117,66,F,rock,8,135461.625,0.0
118,35,Other,classical,5,130746.8,0.0
118,35,Other,hip-hop,3,169991.3333,0.0
118,35,Other,jazz,2,107288.5,0.0
118,35,Other,pop,3,142468.3333,0.0
118,35,Other,rock,1,160276.0,0.0
119,20,M,classical,3,99819.6667,0.0
119,20,M,hip-hop,3,77003.3333,0.0
119,20,M,jazz,3,88830.6667,0.0
119,20,M,pop,4,78255.75,0.0
119,20,M,rock,4,135715.75,25.0
120,65,F,classical,4,58009.0,0.0
120,65,F,hip-hop,4,99132.0,25.0
120,65,F,jazz,6,71757.6667,16.6667
120,65,F,pop,2,179541.5,50.0
120,65,F,rock,5,104686.0,0.0
121,79,M,classical,3,112672.0,0.0
121,79,M,hip-hop,5,78761.2,0.0
121,79,M,jazz,1,277206.0,0.0
121,79,M,pop,3,76873.3333,0.0
121,79,M,rock,4,76296.5,0.0
122,27,Other,classical,5,217708.6,0.0
122,27,Other,hip-hop,4,97345.25,25.0
122,27,Other,jazz,4,65782.25,0.0
122,27,Other,pop,3,91303.6667,0.0
122,27,Other,rock,2,88490.0,0.0
124,71,Other,classical,2,377012.5,0.0
124,71,Other,hip-hop,5,118006.0,20.0
124,71,Other,jazz,4,162501.5,50.0
124,71,Other,pop,9,138988.7778,0.0
124,71,Other,rock,6,115193.1667,0.0
125,41,M,classical,4,71787.75,0.0
125,41,M,hip-hop,3,94831.3333,0.0
125,41,M,jazz,1,34738.0,0.0
125,41,M,pop,4,90159.25,0.0
126,62,F,classical,3,202786.6667,0.0
126,62,F,hip-hop,4,81114.0,0.0
126,62,F,pop,4,120506.25,0.0
126,62,F,rock,4,85795.25,0.0
127,59,Other,classical,5,67843.8,0.0
127,59,Other,hip-hop,2,95490.0,0.0
127,59,Other,jazz,5,97658.0,20.0
127,59,Other,pop,1,37753.0,0.0
127,59,Other,rock,2,202059.5,0.0
128,56,M,classical,5,62360.2,0.0
128,56,M,hip-hop,4,180375.0,25.0
128,56,M,jazz,4,109065.5,0.0
128,56,M,pop,5,91744.4,0.0
128,56,M,rock,2,79181.0,0.0
129,57,F,classical,1,1221.0,0.0
129,57,F,hip-hop,5,85063.0,0.0
129,57,F,jazz,4,123775.75,0.0
129,57,F,pop,10,105802.7,0.0
129,57,F,rock,3,170186.6667,33.3333
130,26,M,classical,3,77622.3333,0.0
130,26,M,hip-hop,8,93009.25,0.0
130,26,M,jazz,6,98064.3333,0.0
130,26,M,pop,2,117727.5,0.0
131,76,Other,classical,2,111634.5,0.0
131,76,Other,hip-hop,5,75241.0,20.0
131,76,Other,jazz,1,24320.0,0.0
131,76,Other,pop,3,185346.6667,33.3333
131,76,Other,rock,2,53530.0,0.0
132,47,F,classical,4,252895.5,50.0
132,47,F,hip-hop,5,92807.8,0.0
132,47,F,jazz,1,83070.0,0.0
132,47,F,pop,2,33804.5,0.0
132,47,F,rock,3,61896.0,0.0
133,60,Other,classical,2,74778.0,0.0
133,60,Other,hip-hop,5,133504.2,0.0
133,60,Other,jazz,5,72593.6,0.0
133,60,Other,pop,2,119325.5,0.0
133,60,Other,rock,3,125582.3333,0.0
134,40,F,hip-hop,5,114196.2,20.0
134,40,F,jazz,2,130375.5,0.0
134,40,F,pop,4,117465.5,25.0
134,40,F,rock,2,150924.5,50.0
135,56,F,classical,1,38297.0,0.0
135,56,F,hip-hop,3,73740.3333,0.0
135,56,F,jazz,2,67949.0,0.0
135,56,F,pop,1,58912.0,0.0
135,56,F,rock,3,143441.6667,0.0
136,54,M,classical,5,71636.6,20.0
136,54,M,hip-hop,2,211685.5,50.0
136,54,M,jazz,2,62228.5,0.0
136,54,M,pop,1,38134.0,0.0
136,54,M,rock,5,178262.2,0.0
137,54,Other,classical,2,136818.5,0.0
137,54,Other,hip-hop,7,103646.0,14.2857
137,54,Other,jazz,3,154031.0,0.0
137,54,Other,pop,3,104164.3333,0.0
137,54,Other,rock,2,83533.0,0.0
138,61,M,classical,2,56218.0,0.0
138,61,M,hip-hop,7,92057.4286,0.0
138,61,M,jazz,4,104871.5,25.0
138,61,M,pop,3,53058.6667,0.0
138,61,M,rock,3,211401.6667,33.3333
139,69,F,classical,5,65518.0,0.0
139,69,F,hip-hop,6,84984.6667,16.6667
139,69,F,jazz,3,121155.3333,0.0
139,69,F,pop,5,100945.2,0.0
139,69,F,rock,1,182103.0,100.0
140,57,M,classical,1,27401.0,0.0
140,57,M,hip-hop,4,105742.25,25.0
140,57,M,jazz,7,97612.0,0.0
140,57,M,pop,4,112222.75,0.0
140,57,M,rock,4,158795.0,25.0
141,69,F,classical,4,93103.5,0.0
141,69,F,hip-hop,3,84718.0,0.0
141,69,F,jazz,5,212305.4,0.0
141,69,F,pop,1,36113.0,0.0
141,69,F,rock,4,113442.75,25.0
142,56,F,classical,3,193868.6667,33.3333
142,56,F,hip-hop,4,103138.75,0.0
142,56,F,jazz,5,56511.2,0.0
142,56,F,pop,2,110144.5,0.0
142,56,F,rock,4,154723.25,0.0
143,67,F,classical,7,205923.1429,28.5714
143,67,F,hip-hop,7,104083.5714,14.2857
143,67,F,jazz,3,150676.3333,33.3333
143,67,F,pop,2,175989.5,50.0
143,67,F,rock,5,159857.8,20.0
144,15,Other,classical,4,211432.0,50.0
144,15,Other,hip-hop,6,79668.5,0.0
144,15,Other,jazz,3,106823.6667,0.0
144,15,Other,pop,5,75685.4,20.0
144,15,Other,rock,2,139729.5,0.0
145,72,M,classical,2,79802.5,0.0
145,72,M,hip-hop,3,94649.6667,0.0
145,72,M,jazz,1,133191.0,0.0
145,72,M,pop,5,143232.8,20.0
146,64,F,classical,4,69692.5,0.0
146,64,F,hip-hop,3,124658.3333,0.0
146,64,F,jazz,2,134408.0,0.0
146,64,F,pop,1,47104.0,0.0
146,64,F,rock,4,89707.25,0.0
147,61,Other,classical,4,73106.75,0.0
147,61,Other,hip-hop,3,126289.0,0.0
147,61,Other,pop,4,164764.25,50.0
147,61,Other,rock,3,107325.6667,0.0
148,71,F,classical,5,29653.8,0.0
148,71,F,hip-hop,8,45601.75,0.0
148,71,F,jazz,3,49842.6667,0.0
148,71,F,pop,3,90712.0,0.0
148,71,F,rock,1,49730.0,0.0
149,39,Other,classical,2,227221.0,0.0
149,39,Other,hip-hop,6,112254.5,16.6667
149,39,Other,jazz,3,111839.0,33.3333
149,39,Other,pop,5,122674.0,0.0
149,39,Other,rock,4,87407.75,0.0
150,67,Other,classical,4,219007.25,0.0
150,67,Other,hip-hop,7,80173.4286,14.2857
150,67,Other,jazz,2,140661.5,50.0
150,67,Other,pop,4,113908.25,0.0
150,67,Other,rock,4,136262.5,0.0
151,51,F,classical,1,252444.0,0.0
151,51,F,hip-hop,3,79717.3333,0.0
151,51,F,jazz,6,76978.3333,0.0
151,51,F,pop,3,93352.6667,0.0
151,51,F,rock,3,151856.0,0.0
152,21,M,classical,4,74168.0,25.0
152,21,M,hip-hop,1,27561.0,0.0
152,21,M,jazz,2,118022.5,0.0
152,21,M,pop,2,101155.5,0.0
152,21,M,rock,3,92650.3333,0.0
153,14,Other,classical,3,144645.3333,0.0
153,14,Other,hip-hop,3,111171.3333,33.3333
153,14,Other,jazz,3,60830.3333,0.0
153,14,Other,pop,3,48105.3333,0.0
153,14,Other,rock,4,143083.0,25.0
154,30,M,classical,3,66782.3333,0.0
154,30,M,hip-hop,4,118641.75,0.0
154,30,M,jazz,4,116907.75,0.0
154,30,M,pop,2,48565.0,0.0
154,30,M,rock,5,77662.6,0.0
155,68,M,classical,6,110944.0,0.0
155,68,M,jazz,6,114482.5,0.0
155,68,M,pop,4,73728.0,0.0
155,68,M,rock,4,154398.0,0.0
156,37,Other,classical,2,84592.0,0.0
156,37,Other,hip-hop,1,173797.0,0.0
156,37,Other,jazz,2,205932.5,50.0
156,37,Other,pop,2,83519.0,0.0
156,37,Other,rock,4,107319.0,25.0
157,20,Other,classical,5,155506.2,0.0
157,20,Other,hip-hop,6,113029.1667,33.3333
157,20,Other,jazz,1,25372.0,0.0
157,20,Other,pop,5,77006.8,0.0
157,20,Other,rock,3,46108.6667,0.0
158,38,F,classical,6,164493.3333,0.0
158,38,F,hip-hop,3,102210.3333,0.0
158,38,F,jazz,1,47214.0,0.0
158,38,F,pop,5,115839.2,20.0
158,38,F,rock,5,52647.6,0.0
159,78,F,classical,4,189646.25,0.0
159,78,F,hip-hop,5,69423.2,0.0
159,78,F,jazz,1,97541.0,0.0
159,78,F,pop,3,25027.0,0.0
159,78,F,rock,6,117694.0,16.6667
160,35,M,classical,2,252432.5,50.0
160,35,M,hip-hop,3,58379.6667,0.0
160,35,M,jazz,2,89596.0,0.0
160,35,M,pop,4,83428.5,0.0
160,35,M,rock,3,101609.6667,0.0
161,44,Other,classical,1,57471.0,0.0
161,44,Other,hip-hop,4,107895.25,0.0
161,44,Other,jazz,5,112406.4,0.0
161,44,Other,pop,4,98871.0,25.0
161,44,Other,rock,6,122558.0,0.0
162,30,Other,classical,5,257244.8,0.0
162,30,Other,hip-hop,5,56334.2,0.0
162,30,Other,jazz,1,156996.0,100.0
162,30,Other,pop,3,157842.0,33.3333
162,30,Other,rock,3,56731.3333,0.0
163,68,F,classical,3,59524.0,0.0
163,68,F,hip-hop,6,75606.1667,16.6667
163,68,F,jazz,3,111101.0,0.0
163,68,F,pop,5,118515.0,20.0
163,68,F,rock,3,176432.3333,0.0
164,72,M,classical,2,90750.0,0.0
164,72,M,hip-hop,4,41659.25,0.0
164,72,M,jazz,4,56846.25,0.0
164,72,M,pop,2,57918.0,0.0
164,72,M,rock,5,114925.4,20.0
165,54,F,classical,6,130780.3333,16.6667
165,54,F,hip-hop,4,124054.0,0.0
165,54,F,jazz,3,94449.6667,0.0
165,54,F,pop,5,92810.8,20.0
165,54,F,rock,6,89438.8333,0.0
166,58,F,classical,5,101257.0,20.0
166,58,F,hip-hop,3,110571.3333,0.0
166,58,F,jazz,3,121244.3333,33.3333
166,58,F,pop,7,106698.2857,14.2857
166,58,F,rock,6,55248.6667,0.0
167,44,F,classical,3,46064.3333,0.0
167,44,F,hip-hop,3,132720.6667,0.0
167,44,F,jazz,6,147885.3333,0.0
167,44,F,pop,2,44909.5,0.0
167,44,F,rock,5,105047.0,0.0
168,35,F,classical,3,173398.3333,66.6667
168,35,F,hip-hop,5,83655.8,0.0
168,35,F,jazz,4,121719.25,0.0
168,35,F,pop,6,168687.6667,33.3333
168,35,F,rock,2,220547.0,50.0
169,25,Other,classical,2,131807.0,0.0
169,25,Other,hip-hop,3,79155.0,0.0
169,25,Other,jazz,1,14921.0,0.0
169,25,Other,pop,3,109917.6667,33.3333
169,25,Other,rock,3,104038.6667,33.3333
170,20,F,classical,5,94598.2,20.0
170,20,F,hip-hop,5,130201.6,0.0
170,20,F,jazz,5,135027.6,20.0
170,20,F,pop,4,92461.25,0.0
170,20,F,rock,7,84740.2857,0.0
171,58,Other,classical,4,50105.75,0.0
171,58,Other,hip-hop,7,70491.0,0.0
171,58,Other,jazz,3,90394.0,0.0
171,58,Other,pop,3,147794.0,33.3333
171,58,Other,rock,2,233216.0,50.0
172,36,F,classical,3,259445.0,0.0
172,36,F,hip-hop,2,48279.0,0.0
172,36,F,jazz,5,63068.2,0.0
172,36,F,pop,6,116689.0,33.3333
172,36,F,rock,3,137284.0,0.0
173,56,F,classical,2,91563.5,0.0
173,56,F,hip-hop,5,69557.6,0.0
173,56,F,jazz,1,151748.0,0.0
173,56,F,pop,5,133692.0,0.0
173,56,F,rock,2,109097.0,0.0
174,28,F,classical,5,74713.6,0.0
174,28,F,hip-hop,4,102832.5,0.0
174,28,F,jazz,2,152441.0,0.0
174,28,F,pop,1,75961.0,0.0
174,28,F,rock,3,59234.0,0.0
175,35,M,classical,3,139481.0,33.3333
175,35,M,hip-hop,4,158216.5,50.0
175,35,M,jazz,4,70326.5,0.0
175,35,M,pop,2,77312.5,0.0
175,35,M,rock,5,96774.8,0.0
176,22,M,classical,5,46989.8,0.0
176,22,M,hip-hop,7,90439.7143,0.0
176,22,M,jazz,6,100619.8333,0.0
176,22,M,pop,4,109723.25,0.0
176,22,M,rock,7,111613.8571,0.0
177,68,F,classical,3,100089.6667,0.0
177,68,F,hip-hop,4,72421.75,0.0
177,68,F,jazz,5,103311.6,20.0
177,68,F,pop,3,52964.3333,0.0
177,68,F,rock,2,53515.5,0.0
178,35,M,classical,3,165367.0,33.3333
178,35,M,hip-hop,7,63521.7143,14.2857
178,35,M,jazz,2,95243.5,0.0
178,35,M,pop,6,130097.3333,33.3333
178,35,M,rock,2,147747.5,50.0
179,30,F,classical,2,88410.5,50.0
179,30,F,hip-hop,4,47957.25,0.0
179,30,F,jazz,5,84645.6,0.0
179,30,F,pop,1,149190.0,0.0
179,30,F,rock,4,155352.5,0.0
180,61,M,classical,6,76173.0,0.0
180,61,M,hip-hop,5,80962.2,0.0
180,61,M,jazz,2,124660.5,0.0
180,61,M,pop,1,107805.0,0.0
180,61,M,rock,1,117270.0,0.0
181,20,Other,classical,4,75237.75,25.0
181,20,Other,hip-hop,2,158310.0,50.0
181,20,Other,jazz,3,212570.6667,33.3333
181,20,Other,pop,7,85287.5714,14.2857
181,20,Other,rock,2,110662.5,0.0
182,48,M,classical,2,156137.5,0.0
182,48,M,hip-hop,5,105719.6,0.0
182,48,M,jazz,1,40562.0,0.0
182,48,M,pop,3,46059.0,0.0
182,48,M,rock,1,85544.0,0.0
183,70,F,classical,3,123299.0,0.0
183,70,F,hip-hop,3,135712.6667,0.0
183,70,F,jazz,6,65614.5,0.0
183,70,F,pop,6,76633.6667,0.0
183,70,F,rock,6,136485.5,16.6667
184,77,F,classical,1,58394.0,0.0
184,77,F,hip-hop,5,92407.2,0.0
184,77,F,jazz,2,183666.0,0.0
184,77,F,pop,5,90594.6,0.0
184,77,F,rock,5,124120.0,20.0
185,42,M,classical,7,60000.2857,0.0
185,42,M,jazz,4,75870.75,0.0
185,42,M,pop,6,106336.3333,0.0
185,42,M,rock,3,150400.3333,33.3333
186,39,Other,classical,6,72603.3333,0.0
186,39,Other,hip-hop,3,33799.0,0.0
186,39,Other,jazz,2,134011.0,0.0
186,39,Other,pop,3,139840.3333,0.0
187,38,M,classical,3,90573.6667,33.3333
187,38,M,hip-hop,3,52874.3333,0.0
187,38,M,jazz,9,101938.7778,11.1111
187,38,M,pop,1,66949.0,0.0
187,38,M,rock,2,121377.5,0.0
188,59,F,classical,5,52860.8,0.0
188,59,F,hip-hop,2,50015.0,0.0
188,59,F,jazz,7,156772.7143,0.0
188,59,F,pop,3,88048.0,0.0
188,59,F,rock,2,50956.5,0.0
189,35,F,classical,3,119107.0,0.0
189,35,F,hip-hop,2,87677.0,0.0
189,35,F,jazz,3,47781.3333,0.0
189,35,F,pop,1,96879.0,0.0
189,35,F,rock,5,102438.2,0.0
190,21,M,classical,1,53232.0,0.0
190,21,M,hip-hop,4,174759.25,75.0
190,21,M,jazz,1,73926.0,0.0
190,21,M,pop,4,130002.5,25.0
190,21,M,rock,7,172041.8571,14.2857
191,13,F,classical,4,25803.25,0.0
191,13,F,hip-hop,3,28276.3333,0.0
191,13,F,jazz,2,104882.5,0.0
191,13,F,pop,4,98881.5,0.0
191,13,F,rock,4,133464.5,0.0
192,28,Other,classical,2,82066.5,0.0
192,28,Other,hip-hop,3,143160.3333,66.6667
192,28,Other,jazz,2,232677.5,50.0
192,28,Other,pop,6,120967.3333,0.0
192,28,Other,rock,6,65699.3333,0.0
193,37,F,classical,7,83598.2857,0.0
193,37,F,hip-hop,5,108804.6,0.0
193,37,F,jazz,4,144157.25,25.0
193,37,F,pop,2,119646.0,0.0
193,37,F,rock,7,130682.4286,14.2857
194,70,Other,hip-hop,2,57677.0,0.0
194,70,Other,jazz,3,81290.3333,33.3333
194,70,Other,pop,4,66934.5,0.0
194,70,Other,rock,5,109251.6,0.0
195,74,F,classical,5,49377.2,20.0
195,74,F,hip-hop,4,119966.5,25.0
195,74,F,jazz,7,114112.5714,14.2857
195,74,F,pop,6,116752.1667,16.6667
195,74,F,rock,3,58495.3333,0.0
196,17,Other,classical,3,144143.6667,0.0
196,17,Other,hip-hop,2,25261.5,0.0
196,17,Other,jazz,4,32571.75,0.0
196,17,Other,pop,5,124662.6,0.0
196,17,Other,rock,8,90264.75,12.5
197,76,Other,classical,3,91143.6667,0.0
197,76,Other,hip-hop,5,125935.8,40.0
197,76,Other,jazz,5,109412.4,0.0
197,76,Other,pop,4,124516.25,0.0
197,76,Other,rock,7,81066.1429,14.2857
198,51,Other,classical,6,117709.8333,0.0
198,51,Other,jazz,4,74403.75,25.0
198,51,Other,pop,7,109625.2857,14.2857
198,51,Other,rock,2,110008.0,0.0
199,80,F,classical,1,130016.0,0.0
199,80,F,hip-hop,4,101015.5,0.0
199,80,F,jazz,6,142740.0,0.0
199,80,F,pop,4,136837.25,0.0
199,80,F,rock,1,3212.0,0.0
200,48,Other,classical,5,136673.4,0.0
200,48,Other,hip-hop,5,89072.8,0.0
200,48,Other,jazz,2,65644.0,0.0
200,48,Other,pop,4,107014.5,25.0
200,48,Other,rock,3,122253.6667,0.0
201,57,Other,classical,4,69185.0,0.0
201,57,Other,hip-hop,5,73096.2,0.0
201,57,Other,jazz,3,86920.0,0.0
201,57,Other,pop,6,159833.5,33.3333
201,57,Other,rock,2,45745.5,0.0
202,58,Other,classical,3,59943.3333,33.3333
202,58,Other,hip-hop,5,128506.2,20.0
202,58,Other,jazz,2,67883.5,0.0
202,58,Other,pop,3,64853.3333,0.0
202,58,Other,rock,5,87117.6,0.0
203,48,F,classical,6,110373.3333,33.3333
203,48,F,hip-hop,5,94936.0,0.0
203,48,F,jazz,2,100602.5,0.0
203,48,F,pop,3,55278.6667,0.0
203,48,F,rock,3,94119.3333,0.0
204,45,Other,classical,8,263538.375,37.5
204,45,Other,hip-hop,1,97975.0,0.0
204,45,Other,jazz,6,109332.5,16.6667
204,45,Other,pop,3,74301.6667,0.0
204,45,Other,rock,6,108763.3333,0.0
205,58,Other,classical,2,211053.0,0.0
205,58,Other,hip-hop,5,121258.2,40.0
205,58,Other,jazz,5,87788.6,0.0
205,58,Other,pop,8,127222.0,37.5
205,58,Other,rock,7,138287.1429,14.2857
206,25,Other,classical,4,118899.5,0.0
206,25,Other,hip-hop,4,68585.0,25.0
206,25,Other,jazz,3,58111.3333,0.0
206,25,Other,pop,4,113284.75,0.0
206,25,Other,rock,3,122979.6667,0.0
207,52,F,classical,3,130000.0,33.3333
207,52,F,hip-hop,2,95204.0,0.0
207,52,F,jazz,3,108234.3333,33.3333
207,52,F,rock,3,172896.3333,66.6667
208,78,Other,hip-hop,3,121624.3333,33.3333
208,78,Other,jazz,5,119598.0,0.0
208,78,Other,pop,2,166982.0,50.0
208,78,Other,rock,2,100409.5,0.0
209,68,Other,classical,1,172725.0,0.0
209,68,Other,hip-hop,2,246212.0,100.0
209,68,Other,jazz,3,69406.6667,0.0
209,68,Other,pop,3,105761.0,0.0
209,68,Other,rock,6,164875.1667,33.3333
210,70,Other,classical,4,83745.0,0.0
210,70,Other,hip-hop,4,156478.75,25.0
210,70,Other,jazz,2,168922.0,0.0
210,70,Other,pop,6,58372.8333,0.0
210,70,Other,rock,1,55955.0,0.0
211,73,Other,classical,5,163022.6,0.0
211,73,Other,hip-hop,4,81467.0,0.0
211,73,Other,pop,3,4671.3333,0.0
211,73,Other,rock,3,125179.3333,0.0
212,46,M,classical,2,237727.0,50.0
212,46,M,hip-hop,7,85408.5714,0.0
212,46,M,jazz,5,59095.6,0.0
212,46,M,pop,3,97684.0,33.3333
212,46,M,rock,2,47330.5,0.0
213,78,M,classical,3,142626.6667,0.0
213,78,M,hip-hop,5,85261.8,0.0
213,78,M,jazz,4,125170.5,0.0
213,78,M,pop,5,93953.4,0.0
213,78,M,rock,4,167479.0,0.0
214,16,M,classical,2,102765.5,0.0
214,16,M,hip-hop,4,115969.25,50.0
214,16,M,jazz,3,101174.6667,33.3333
214,16,M,pop,2,14135.5,0.0
214,16,M,rock,3,105808.3333,0.0
215,32,M,classical,5,127863.8,0.0
215,32,M,hip-hop,7,127096.0,14.2857
215,32,M,jazz,3,51107.0,0.0
215,32,M,pop,7,101328.1429,14.2857
215,32,M,rock,5,126797.4,0.0
216,35,M,classical,3,115082.6667,100.0
216,35,M,hip-hop,5,113939.8,0.0
216,35,M,jazz,2,55493.0,0.0
216,35,M,pop,5,91648.0,0.0
216,35,M,rock,2,264911.5,0.0
217,16,F,classical,6,85047.8333,16.6667
217,16,F,hip-hop,3,162919.3333,66.6667
217,16,F,jazz,2,101125.0,0.0
217,16,F,pop,2,34429.0,0.0
217,16,F,rock,4,101243.5,0.0
218,45,F,classical,3,72154.6667,0.0
218,45,F,hip-hop,2,102194.5,0.0
218,45,F,jazz,1,133180.0,0.0
218,45,F,pop,3,74170.0,0.0
218,45,F,rock,2,126038.0,0.0
219,40,Other,classical,5,78069.4,0.0
219,40,Other,hip-hop,7,116167.5714,14.2857
219,40,Other,jazz,4,123144.25,0.0
219,40,Other,pop,3,43533.0,0.0
219,40,Other,rock,1,214829.0,100.0
220,16,Other,classical,5,155291.0,0.0
220,16,Other,hip-hop,7,190094.8571,42.8571
220,16,Other,jazz,2,121444.0,0.0
220,16,Other,pop,3,41086.3333,0.0
220,16,Other,rock,4,139801.25,0.0
221,73,M,classical,2,81463.5,0.0
221,73,M,hip-hop,1,44957.0,0.0
221,73,M,jazz,6,102912.1667,16.6667
221,73,M,pop,1,132949.0,0.0
221,73,M,rock,3,184507.0,33.3333
222,27,Other,classical,2,154538.5,50.0
222,27,Other,hip-hop,1,68785.0,0.0
222,27,Other,jazz,6,137623.1667,0.0
222,27,Other,pop,1,55878.0,0.0
222,27,Other,rock,4,126854.0,0.0
223,68,Other,classical,6,61069.1667,0.0
223,68,Other,hip-hop,2,140695.0,0.0
223,68,Other,jazz,4,219347.75,25.0
223,68,Other,pop,6,111711.5,33.3333
223,68,Other,rock,4,165490.5,25.0
224,39,F,classical,6,131952.6667,16.6667
224,39,F,hip-hop,5,78128.0,0.0
224,39,F,jazz,5,108758.4,20.0
224,39,F,pop,3,86275.6667,0.0
225,18,F,classical,7,106423.8571,0.0
225,18,F,hip-hop,7,87868.2857,14.2857
225,18,F,jazz,1,96099.0,0.0
225,18,F,pop,1,118049.0,0.0
225,18,F,rock,5,106021.8,0.0
226,56,Other,classical,4,118335.0,0.0
226,56,Other,hip-hop,5,102676.2,20.0
226,56,Other,jazz,6,78217.6667,0.0
226,56,Other,pop,6,153739.1667,16.6667
226,56,Other,rock,3,103459.0,33.3333
227,32,Other,classical,5,87862.0,0.0
227,32,Other,hip-hop,3,115286.6667,33.3333
227,32,Other,jazz,5,164892.8,0.0
227,32,Other,pop,3,146458.3333,33.3333
227,32,Other,rock,2,129589.0,0.0
228,74,M,classical,3,43294.0,0.0
228,74,M,hip-hop,4,81368.25,0.0
228,74,M,jazz,1,77137.0,0.0
228,74,M,pop,3,184875.6667,66.6667
228,74,M,rock,3,207895.3333,33.3333
229,28,F,classical,6,59067.0,0.0
229,28,F,hip-hop,6,116599.8333,16.6667
229,28,F,jazz,3,106473.6667,0.0
229,28,F,pop,4,115668.5,25.0
229,28,F,rock,2,22281.0,0.0
230,30,F,classical,6,143908.8333,16.6667
230,30,F,hip-hop,3,93161.0,0.0
230,30,F,jazz,2,19421.5,0.0
230,30,F,pop,3,58040.0,0.0
230,30,F,rock,3,141272.0,0.0
231,44,F,classical,1,116213.0,0.0
231,44,F,hip-hop,3,89093.0,33.3333
231,44,F,jazz,4,55938.25,0.0
231,44,F,pop,4,62401.0,0.0
231,44,F,rock,4,146466.5,0.0
232,74,M,classical,4,53173.5,0.0
232,74,M,hip-hop,3,84090.0,0.0
232,74,M,jazz,2,78927.5,50.0
232,74,M,pop,2,106437.5,50.0
232,74,M,rock,2,180048.0,0.0
233,69,M,classical,4,74582.25,0.0
233,69,M,hip-hop,3,44177.3333,0.0
233,69,M,jazz,5,177658.8,0.0
233,69,M,pop,3,127755.0,33.3333
233,69,M,rock,5,123154.8,0.0
234,27,Other,classical,3,49406.0,0.0
234,27,Other,hip-hop,1,4729.0,0.0
234,27,Other,jazz,3,111079.0,0.0
234,27,Other,pop,6,82249.0,0.0
234,27,Other,rock,3,68750.3333,33.3333
235,52,Other,classical,1,233480.0,0.0
235,52,Other,hip-hop,2,201206.0,50.0
235,52,Other,jazz,2,26010.0,0.0
235,52,Other,pop,5,53717.8,0.0
235,52,Other,rock,6,76320.5,0.0
236,75,M,classical,1,99944.0,0.0
236,75,M,hip-hop,6,71170.3333,0.0
236,75,M,jazz,5,124113.0,0.0
236,75,M,pop,4,43303.5,0.0
236,75,M,rock,3,126435.3333,33.3333
237,14,M,classical,6,107426.0,0.0
237,14,M,hip-hop,3,100764.6667,33.3333
237,14,M,jazz,4,46310.0,0.0
237,14,M,pop,5,117677.4,20.0
237,14,M,rock,3,41315.6667,0.0
238,48,M,classical,2,54744.0,0.0
238,48,M,hip-hop,3,38792.6667,0.0
238,48,M,jazz,4,121747.5,25.0
238,48,M,pop,6,131296.3333,0.0
238,48,M,rock,6,117320.3333,0.0
239,50,F,classical,1,32835.0,0.0
239,50,F,hip-hop,2,94428.0,0.0
239,50,F,jazz,4,134066.75,0.0
239,50,F,pop,3,80498.0,33.3333
239,50,F,rock,2,143970.5,0.0
240,53,M,classical,4,93564.5,0.0
240,53,M,hip-hop,1,89456.0,0.0
240,53,M,jazz,10,101492.4,0.0
240,53,M,pop,5,102750.0,20.0
240,53,M,rock,5,147692.4,0.0
241,37,M,classical,5,80055.6,0.0
241,37,M,hip-hop,8,84629.375,12.5
241,37,M,jazz,3,76430.6667,0.0
241,37,M,pop,1,182736.0,100.0
241,37,M,rock,2,126085.0,50.0
242,53,Other,classical,6,144311.5,0.0
242,53,Other,hip-hop,2,60284.0,0.0
242,53,Other,jazz,7,143628.2857,14.2857
242,53,Other,pop,3,143366.0,0.0
242,53,Other,rock,5,140345.0,0.0
243,53,Other,classical,4,133263.75,0.0
243,53,Other,hip-hop,2,77013.0,0.0
243,53,Other,jazz,2,138921.0,0.0
243,53,Other,rock,5,141884.8,20.0
244,68,F,classical,3,143345.0,0.0
244,68,F,hip-hop,3,97397.0,0.0
244,68,F,jazz,3,97262.0,33.3333
244,68,F,pop,3,90278.6667,0.0
244,68,F,rock,2,89693.0,0.0
245,35,F,classical,2,79609.5,0.0
245,35,F,hip-hop,6,89002.0,0.0
245,35,F,jazz,6,102781.1667,0.0
245,35,F,pop,3,77491.6667,0.0
245,35,F,rock,8,103738.5,25.0
246,43,Other,classical,5,107355.6,40.0
246,43,Other,hip-hop,1,61152.0,0.0
246,43,Other,jazz,3,89955.6667,33.3333
246,43,Other,pop,3,115129.0,0.0
246,43,Other,rock,1,44329.0,0.0
247,19,F,classical,5,98636.6,20.0
247,19,F,hip-hop,3,102541.3333,33.3333
247,19,F,jazz,5,112524.2,0.0
247,19,F,pop,5,134202.8,20.0
247,19,F,rock,5,125835.6,0.0
248,46,F,classical,6,162755.5,0.0
248,46,F,hip-hop,4,81767.25,0.0
248,46,F,jazz,6,98058.3333,0.0
248,46,F,pop,7,89262.7143,0.0
248,46,F,rock,3,77629.0,0.0
249,35,F,classical,1,26220.0,0.0
249,35,F,hip-hop,3,69185.6667,0.0
249,35,F,jazz,1,35066.0,0.0
249,35,F,pop,3,83563.6667,0.0
249,35,F,rock,7,143758.5714,28.5714
250,45,M,classical,6,163000.1667,0.0
250,45,M,hip-hop,2,62165.5,0.0
250,45,M,jazz,7,129560.0,14.2857
250,45,M,pop,5,85687.4,20.0
250,45,M,rock,3,115477.3333,0.0
251,72,F,classical,4,85718.0,0.0
251,72,F,hip-hop,1,247860.0,100.0
251,72,F,jazz,2,144987.5,0.0
251,72,F,pop,4,95168.0,0.0
251,72,F,rock,3,49613.3333,0.0
252,38,M,classical,3,102728.6667,33.3333
252,38,M,hip-hop,2,41205.5,0.0
252,38,M,jazz,5,63496.4,20.0
252,38,M,pop,6,151129.8333,33.3333
252,38,M,rock,2,110251.0,0.0
253,52,F,classical,1,348535.0,0.0
253,52,F,hip-hop,3,156797.6667,0.0
253,52,F,jazz,4,99287.75,25.0
253,52,F,pop,2,65697.5,0.0
253,52,F,rock,1,276935.0,100.0
254,30,Other,classical,3,12026.0,0.0
254,30,Other,hip-hop,4,69194.25,25.0
254,30,Other,jazz,2,17948.0,0.0
254,30,Other,pop,4,171624.75,50.0
254,30,Other,rock,6,76935.1667,16.6667
255,26,F,classical,7,128665.5714,0.0
255,26,F,hip-hop,4,110863.75,0.0
255,26,F,jazz,2,140851.5,0.0
255,26,F,pop,5,70021.4,0.0
255,26,F,rock,6,130870.3333,0.0
256,17,M,classical,3,27745.0,0.0
256,17,M,hip-hop,4,119139.5,0.0
256,17,M,jazz,3,109083.0,33.3333
256,17,M,pop,1,143642.0,0.0
256,17,M,rock,6,130629.8333,33.3333
258,50,F,classical,3,52333.6667,0.0
258,50,F,hip-hop,4,131779.75,0.0
258,50,F,jazz,1,68055.0,0.0
258,50,F,pop,3,94815.6667,0.0
258,50,F,rock,6,79544.8333,0.0
259,46,M,classical,2,135874.5,0.0
259,46,M,hip-hop,2,44727.0,0.0
259,46,M,jazz,6,119804.6667,0.0
259,46,M,pop,5,137536.4,20.0
259,46,M,rock,4,128849.25,0.0
260,66,Other,classical,9,64697.2222,11.1111
260,66,Other,hip-hop,2,87408.0,0.0
260,66,Other,jazz,2,157536.0,0.0
260,66,Other,pop,3,97571.0,33.3333
260,66,Other,rock,5,164393.4,40.0
261,78,F,classical,4,96387.0,0.0
261,78,F,hip-hop,6,72616.3333,0.0
261,78,F,jazz,5,136084.0,40.0
261,78,F,pop,5,83767.0,0.0
261,78,F,rock,5,135756.4,0.0
262,58,F,classical,6,171148.1667,0.0
262,58,F,hip-hop,5,91156.6,0.0
262,58,F,jazz,5,72140.8,0.0
262,58,F,pop,2,126343.0,50.0
262,58,F,rock,2,130084.0,0.0
263,80,M,classical,2,92606.5,0.0
263,80,M,hip-hop,3,91825.6667,0.0
263,80,M,jazz,2,129301.5,50.0
263,80,M,pop,3,136550.6667,0.0
263,80,M,rock,5,120342.2,0.0
264,55,Other,classical,7,233840.2857,14.2857
264,55,Other,hip-hop,2,218225.0,50.0
264,55,Other,jazz,6,144998.8333,16.6667
264,55,Other,pop,6,139496.5,16.6667
264,55,Other,rock,4,142445.25,0.0
265,15,M,classical,3,140234.0,0.0
265,15,M,hip-hop,5,111666.4,20.0
265,15,M,jazz,2,32019.0,0.0
265,15,M,pop,2,173359.5,0.0
265,15,M,rock,4,172271.5,25.0
266,26,Other,classical,4,92624.25,25.0
266,26,Other,hip-hop,1,192522.0,0.0
266,26,Other,jazz,5,159821.8,20.0
266,26,Other,pop,3,160075.0,33.3333
266,26,Other,rock,2,128521.5,0.0
267,25,M,classical,5,130050.8,20.0
267,25,M,hip-hop,3,38174.3333,0.0
267,25,M,jazz,1,244648.0,100.0
267,25,M,pop,3,107137.6667,0.0
267,25,M,rock,2,84208.5,0.0
268,47,Other,classical,3,217872.3333,0.0
268,47,Other,hip-hop,2,67653.0,0.0
268,47,Other,jazz,2,29989.0,0.0
268,47,Other,pop,4,62976.5,0.0
268,47,Other,rock,4,121137.75,0.0
269,69,M,classical,1,49879.0,0.0
269,69,M,hip-hop,3,70552.3333,0.0
269,69,M,jazz,6,100841.0,16.6667
269,69,M,pop,2,97749.0,0.0
269,69,M,rock,3,69508.3333,0.0
270,28,F,classical,3,65151.0,0.0
270,28,F,hip-hop,2,149266.0,50.0
270,28,F,jazz,3,270419.3333,33.3333
270,28,F,pop,6,83237.0,0.0
270,28,F,rock,5,155018.8,20.0
271,27,M,classical,3,98016.0,0.0
271,27,M,hip-hop,2,78473.0,0.0
271,27,M,jazz,2,78789.5,0.0
271,27,M,pop,8,113576.375,0.0
271,27,M,rock,6,179681.6667,16.6667
272,21,F,classical,6,87756.8333,0.0
272,21,F,hip-hop,2,73301.5,0.0
272,21,F,jazz,5,93616.2,40.0
272,21,F,pop,4,104950.75,0.0
272,21,F,rock,2,124685.0,50.0
273,50,Other,classical,2,29739.0,0.0
273,50,Other,hip-hop,3,118730.0,0.0
273,50,Other,jazz,3,63033.0,33.3333
273,50,Other,pop,3,122308.6667,0.0
273,50,Other,rock,3,163576.3333,0.0
274,67,M,classical,3,80316.0,0.0
274,67,M,hip-hop,5,71676.2,20.0
274,67,M,jazz,1,136277.0,100.0
274,67,M,pop,5,100766.8,20.0
274,67,M,rock,6,82563.5,16.6667
275,38,F,classical,5,230206.0,40.0
275,38,F,hip-hop,6,74636.3333,0.0
275,38,F,jazz,7,77530.4286,14.2857
275,38,F,pop,1,55243.0,0.0
275,38,F,rock,5,113667.2,0.0
276,76,Other,classical,2,118132.5,50.0
276,76,Other,hip-hop,5,90620.6,0.0
276,76,Other,jazz,4,127693.75,25.0
276,76,Other,pop,6,96873.1667,0.0
276,76,Other,rock,5,68074.8,0.0
277,74,F,classical,4,179489.5,50.0
277,74,F,hip-hop,5,66706.0,0.0
277,74,F,jazz,4,97999.5,0.0
277,74,F,pop,4,133969.75,0.0
277,74,F,rock,6,59130.8333,0.0
278,23,F,classical,2,80932.0,0.0
278,23,F,jazz,7,102909.1429,14.2857
278,23,F,pop,4,107406.75,0.0
278,23,F,rock,6,53994.0,0.0
279,25,F,classical,2,98871.5,0.0
279,25,F,hip-hop,2,148863.5,0.0
279,25,F,jazz,1,523316.0,100.0
279,25,F,pop,3,44287.0,0.0
279,25,F,rock,4,124966.75,0.0
280,75,Other,classical,4,101036.5,25.0
280,75,Other,hip-hop,3,138290.3333,0.0
280,75,Other,jazz,3,121545.3333,33.3333
280,75,Other,pop,5,88365.8,20.0
280,75,Other,rock,4,131236.75,25.0
281,30,M,classical,2,291841.0,0.0
281,30,M,hip-hop,2,67222.0,0.0
281,30,M,jazz,3,44057.3333,33.3333
281,30,M,pop,4,56437.0,0.0
281,30,M,rock,2,119359.0,0.0
282,54,M,classical,6,113949.6667,0.0
282,54,M,hip-hop,5,144990.4,40.0
282,54,M,jazz,4,141643.75,25.0
282,54,M,pop,3,113411.3333,0.0
282,54,M,rock,3,33301.6667,0.0
283,34,M,classical,4,58807.25,0.0
283,34,M,hip-hop,5,115645.4,20.0
283,34,M,jazz,3,100450.3333,0.0
283,34,M,pop,5,103081.6,0.0
283,34,M,rock,2,110964.0,0.0
284,41,Other,classical,1,74945.0,0.0
284,41,Other,hip-hop,4,88787.25,0.0
284,41,Other,jazz,5,231534.0,40.0
284,41,Other,pop,3,135682.0,0.0
284,41,Other,rock,4,131956.0,25.0
285,56,F,classical,3,134502.0,0.0
285,56,F,jazz,4,142294.25,0.0
285,56,F,pop,3,113806.6667,0.0
285,56,F,rock,2,308286.5,100.0
286,70,M,classical,3,70952.0,0.0
286,70,M,jazz,6,143085.1667,0.0
286,70,M,pop,2,61649.5,0.0
286,70,M,rock,3,114590.3333,33.3333
287,67,F,classical,2,20591.0,0.0
287,67,F,hip-hop,4,83039.0,0.0
287,67,F,jazz,5,210760.4,20.0
287,67,F,pop,5,126913.8,0.0
287,67,F,rock,6,124468.5,16.6667
288,40,Other,classical,3,125168.0,33.3333
288,40,Other,hip-hop,4,170013.5,50.0
288,40,Other,jazz,4,128477.5,25.0
288,40,Other,pop,2,69164.0,0.0
288,40,Other,rock,2,77455.0,0.0
289,14,M,classical,3,62907.6667,0.0
289,14,M,hip-hop,1,194830.0,0.0
289,14,M,jazz,1,45680.0,0.0
289,14,M,pop,7,86021.5714,0.0
289,14,M,rock,6,94964.5,0.0
290,66,F,classical,2,127704.5,0.0
290,66,F,hip-hop,5,85751.2,0.0
290,66,F,jazz,6,151544.0,33.3333
290,66,F,pop,2,75746.5,0.0
290,66,F,rock,4,92444.5,0.0
291,27,M,classical,5,91364.4,20.0
291,27,M,hip-hop,5,80390.0,0.0
291,27,M,jazz,3,111023.3333,0.0
291,27,M,pop,9,142673.2222,11.1111
291,27,M,rock,1,231007.0,100.0
292,37,M,classical,7,143890.0,0.0
292,37,M,hip-hop,1,102794.0,0.0
292,37,M,jazz,7,141138.0,28.5714
292,37,M,pop,3,135872.6667,33.3333
292,37,M,rock,2,102861.5,0.0
293,76,M,classical,2,145288.0,0.0
293,76,M,hip-hop,1,40787.0,0.0
293,76,M,jazz,4,72998.75,0.0
293,76,M,pop,3,102645.0,0.0
293,76,M,rock,8,106618.0,0.0
294,57,F,classical,6,114403.8333,33.3333
294,57,F,hip-hop,6,109605.5,33.3333
294,57,F,jazz,5,133138.2,20.0
294,57,F,pop,4,109827.5,0.0
294,57,F,rock,5,66076.0,0.0
295,38,Other,classical,3,78883.3333,0.0
295,38,Other,jazz,5,116234.2,20.0
295,38,Other,pop,7,102279.8571,14.2857
295,38,Other,rock,4,133212.75,0.0
296,52,M,classical,6,85364.0,0.0
296,52,M,hip-hop,6,82491.5,0.0
296,52,M,jazz,1,72699.0,0.0
296,52,M,pop,3,122513.0,33.3333
296,52,M,rock,7,88428.5714,14.2857
297,63,F,classical,2,165775.5,0.0
297,63,F,hip-hop,5,104915.2,20.0
297,63,F,jazz,5,75879.4,0.0
297,63,F,pop,3,73643.0,0.0
297,63,F,rock,4,78249.25,0.0
298,49,Other,classical,2,83609.5,0.0
298,49,Other,hip-hop,5,147251.6,20.0
298,49,Other,jazz,2,74918.0,0.0
298,49,Other,pop,4,168592.75,0.0
298,49,Other,rock,3,133335.0,0.0
299,72,F,classical,4,84363.75,0.0
299,72,F,hip-hop,5,46198.6,0.0
299,72,F,jazz,3,225727.0,0.0
299,72,F,pop,6,110829.6667,0.0
299,72,F,rock,4,135490.5,0.0
300,49,Other,classical,6,108370.1667,0.0
300,49,Other,hip-hop,5,93705.4,20.0
300,49,Other,jazz,4,110602.0,75.0
300,49,Other,pop,7,92869.0,14.2857
300,49,Other,rock,4,84015.5,0.0
301,13,M,classical,4,216921.0,0.0
301,13,M,hip-hop,3,162012.6667,0.0
301,13,M,jazz,4,135139.0,0.0
301,13,M,rock,5,134681.0,0.0
302,16,M,hip-hop,3,121160.3333,0.0
302,16,M,jazz,3,150560.3333,0.0
302,16,M,pop,4,88922.75,0.0
303,51,M,classical,2,181667.5,50.0
303,51,M,hip-hop,3,141474.3333,0.0
303,51,M,jazz,5,85844.2,0.0
303,51,M,pop,1,166732.0,0.0
303,51,M,rock,4,121060.0,0.0
304,21,M,classical,2,136482.0,50.0
304,21,M,hip-hop,3,109283.6667,33.3333
304,21,M,jazz,7,74541.4286,14.2857
304,21,M,pop,4,118540.25,0.0
304,21,M,rock,6,95104.8333,16.6667
305,68,M,classical,5,90718.4,40.0
305,68,M,hip-hop,3,82263.0,0.0
305,68,M,jazz,5,77827.4,20.0
305,68,M,pop,2,209061.0,50.0
305,68,M,rock,4,162064.25,25.0
306,32,Other,hip-hop,2,83374.0,50.0
306,32,Other,jazz,2,130195.0,0.0
306,32,Other,pop,2,109609.5,50.0
306,32,Other,rock,3,158289.3333,33.3333
307,37,Other,classical,1,40968.0,0.0
307,37,Other,hip-hop,7,73557.4286,14.2857
307,37,Other,jazz,3,71426.6667,0.0
307,37,Other,pop,4,117381.0,0.0
307,37,Other,rock,2,205449.5,50.0
308,43,M,classical,4,99559.5,0.0
308,43,M,hip-hop,5,176972.8,0.0
308,43,M,jazz,4,191049.25,25.0
308,43,M,pop,1,150443.0,0.0
308,43,M,rock,5,177011.8,40.0
309,34,M,classical,5,204367.0,20.0
309,34,M,hip-hop,3,89138.6667,0.0
309,34,M,jazz,8,96867.875,0.0
309,34,M,pop,5,84886.4,0.0
309,34,M,rock,5,97419.2,20.0
310,71,Other,classical,1,44772.0,0.0
310,71,Other,hip-hop,4,78270.75,0.0
310,71,Other,jazz,5,69046.4,0.0
310,71,Other,pop,1,56413.0,0.0
310,71,Other,rock,3,115079.3333,33.3333
311,67,Other,classical,3,39445.0,0.0
311,67,Other,hip-hop,2,93652.0,0.0
311,67,Other,jazz,4,127000.75,25.0
311,67,Other,pop,2,95017.5,0.0
311,67,Other,rock,5,137321.8,20.0
312,67,Other,classical,1,72147.0,0.0
312,67,Other,hip-hop,2,149927.5,50.0
312,67,Other,jazz,3,87601.0,0.0
312,67,Other,rock,3,115262.0,0.0
313,50,M,classical,4,88876.25,0.0
313,50,M,hip-hop,5,128701.8,0.0
313,50,M,jazz,4,88435.75,25.0
313,50,M,pop,4,153028.0,50.0
313,50,M,rock,4,74952.75,0.0
314,34,M,classical,3,87299.0,0.0
314,34,M,hip-hop,3,82007.0,0.0
314,34,M,jazz,4,142995.75,50.0
314,34,M,pop,5,121529.4,0.0
314,34,M,rock,4,117006.0,25.0
315,52,M,classical,5,61686.6,0.0
315,52,M,hip-hop,4,160820.75,25.0
315,52,M,jazz,3,137525.6667,33.3333
315,52,M,pop,4,152141.0,25.0
315,52,M,rock,4,159275.25,0.0
316,75,Other,classical,5,92106.0,20.0
316,75,Other,hip-hop,4,96543.5,0.0
316,75,Other,jazz,6,103242.1667,16.6667
316,75,Other,pop,7,72194.4286,0.0
316,75,Other,rock,3,190229.3333,33.3333
317,36,F,classical,2,26930.0,0.0
317,36,F,hip-hop,4,120328.5,25.0
317,36,F,jazz,1,144990.0,0.0
317,36,F,pop,4,125853.0,0.0
317,36,F,rock,3,110556.6667,0.0
318,47,Other,classical,6,202605.0,16.6667
318,47,Other,hip-hop,2,162361.0,50.0
318,47,Other,jazz,3,115143.3333,33.3333
318,47,Other,pop,3,144179.3333,0.0
318,47,Other,rock,4,132772.0,25.0
319,50,M,classical,2,98220.5,0.0
319,50,M,hip-hop,3,167479.3333,0.0
319,50,M,jazz,4,147780.75,75.0
319,50,M,pop,4,191782.5,25.0
319,50,M,rock,4,161325.5,0.0
320,55,Other,classical,2,260506.0,50.0
320,55,Other,hip-hop,5,188689.6,40.0
320,55,Other,jazz,2,25458.0,0.0
320,55,Other,pop,5,109361.0,20.0
320,55,Other,rock,4,64993.25,0.0
321,14,M,classical,3,94781.0,0.0
321,14,M,hip-hop,2,52422.0,0.0
321,14,M,jazz,5,89328.8,0.0
321,14,M,pop,1,69122.0,0.0
321,14,M,rock,5,67149.2,0.0
322,13,M,classical,3,105472.3333,0.0
322,13,M,hip-hop,1,62868.0,0.0
322,13,M,jazz,3,117181.6667,33.3333
322,13,M,pop,1,66123.0,0.0
322,13,M,rock,1,189063.0,100.0
323,65,F,classical,6,107311.6667,16.6667
323,65,F,hip-hop,1,142705.0,0.0
323,65,F,jazz,5,157382.0,20.0
323,65,F,pop,1,86276.0,0.0
323,65,F,rock,1,103737.0,0.0
324,58,Other,classical,5,170543.6,20.0
324,58,Other,hip-hop,4,47310.5,0.0
324,58,Other,jazz,4,67043.75,0.0
324,58,Other,pop,2,77161.5,0.0
324,58,Other,rock,4,124900.25,0.0
325,57,M,classical,6,155588.1667,16.6667
325,57,M,hip-hop,5,97894.0,20.0
325,57,M,jazz,2,154669.0,0.0
325,57,M,pop,5,77579.6,0.0
325,57,M,rock,3,114774.3333,0.0
326,53,M,classical,5,120739.2,20.0
326,53,M,hip-hop,3,59765.6667,0.0
326,53,M,jazz,5,108492.6,0.0
326,53,M,pop,4,124210.0,0.0
326,53,M,rock,7,152474.8571,14.2857
327,20,F,classical,3,60992.3333,0.0
327,20,F,hip-hop,3,88471.3333,33.3333
327,20,F,jazz,5,115645.4,0.0
327,20,F,pop,4,108508.25,0.0
327,20,F,rock,4,102321.75,0.0
328,61,Other,classical,2,104960.0,0.0
328,61,Other,hip-hop,9,101304.4444,0.0
328,61,Other,jazz,9,47053.8889,0.0
328,61,Other,pop,3,127963.0,0.0
328,61,Other,rock,4,111364.0,0.0
329,29,M,classical,7,64630.0,0.0
329,29,M,hip-hop,2,149688.5,0.0
329,29,M,jazz,9,130274.7778,0.0
329,29,M,rock,2,53556.0,0.0
330,55,Other,classical,5,123658.8,0.0
330,55,Other,hip-hop,4,69424.75,25.0
330,55,Other,jazz,3,124955.0,0.0
330,55,Other,pop,3,91435.0,0.0
330,55,Other,rock,6,66405.3333,0.0
331,70,Other,classical,3,74609.0,0.0
331,70,Other,hip-hop,4,116878.75,25.0
331,70,Other,jazz,2,263673.0,50.0
331,70,Other,pop,6,84148.0,0.0
331,70,Other,rock,4,124764.5,0.0
332,64,Other,classical,4,158661.75,25.0
332,64,Other,hip-hop,2,104043.0,0.0
332,64,Other,jazz,2,303013.0,50.0
332,64,Other,pop,5,63396.0,0.0
332,64,Other,rock,4,104014.0,0.0
333,34,M,classical,3,68885.6667,0.0
333,34,M,hip-hop,4,41514.75,0.0
333,34,M,jazz,5,70341.8,0.0
333,34,M,pop,3,63683.6667,0.0
333,34,M,rock,4,72591.0,25.0
334,55,F,classical,1,56968.0,0.0
334,55,F,hip-hop,1,120005.0,0.0
334,55,F,jazz,4,172357.75,0.0
334,55,F,pop,2,134050.5,0.0
334,55,F,rock,4,94383.25,25.0
335,13,Other,classical,1,136518.0,0.0
335,13,Other,hip-hop,3,105358.6667,0.0
335,13,Other,jazz,4,104744.5,0.0
335,13,Other,pop,4,123563.75,25.0
336,23,M,classical,3,140848.6667,0.0
336,23,M,hip-hop,9,112620.0,22.2222
336,23,M,jazz,3,137146.6667,33.3333
336,23,M,pop,3,152048.6667,0.0
336,23,M,rock,3,146885.3333,0.0
337,44,F,classical,1,41744.0,0.0
337,44,F,hip-hop,4,151380.25,25.0
337,44,F,jazz,3,186645.6667,33.3333
337,44,F,pop,2,143753.0,50.0
337,44,F,rock,4,159719.0,0.0
338,25,F,classical,5,68759.0,0.0
338,25,F,hip-hop,3,106236.0,0.0
338,25,F,jazz,2,228213.5,0.0
338,25,F,pop,4,146827.75,50.0
338,25,F,rock,2,76752.5,0.0
339,16,Other,classical,3,167657.3333,33.3333
339,16,Other,hip-hop,1,41584.0,0.0
339,16,Other,jazz,3,66474.0,0.0
339,16,Other,pop,2,159100.5,50.0
339,16,Other,rock,2,105989.0,0.0
340,32,F,classical,5,156598.4,60.0
340,32,F,jazz,2,102812.5,0.0
340,32,F,pop,2,38254.5,0.0
340,32,F,rock,1,110369.0,0.0
341,43,M,classical,2,170116.0,0.0
341,43,M,hip-hop,6,88033.8333,0.0
341,43,M,jazz,3,84356.0,0.0
341,43,M,pop,2,152718.0,0.0
341,43,M,rock,1,41417.0,0.0
342,18,Other,classical,3,179369.3333,0.0
342,18,Other,hip-hop,3,101357.6667,0.0
342,18,Other,jazz,2,121349.5,0.0
342,18,Other,pop,6,83367.8333,16.6667
342,18,Other,rock,5,88101.6,0.0
343,63,Other,classical,6,133509.8333,16.6667
343,63,Other,hip-hop,5,124955.2,20.0
343,63,Other,jazz,2,89085.0,0.0
343,63,Other,pop,3,47071.3333,0.0
343,63,Other,rock,3,150876.3333,0.0
344,51,M,classical,2,32863.5,0.0
344,51,M,hip-hop,3,62116.6667,0.0
344,51,M,jazz,3,196621.6667,33.3333
344,51,M,pop,3,136348.3333,33.3333
344,51,M,rock,3,78631.0,0.0
345,76,F,classical,1,567857.0,100.0
345,76,F,hip-hop,6,75724.5,16.6667
345,76,F,jazz,2,129398.5,0.0
345,76,F,pop,3,100146.6667,33.3333
345,76,F,rock,9,137555.2222,22.2222
346,64,Other,classical,6,192408.3333,16.6667
346,64,Other,hip-hop,3,76709.6667,0.0
346,64,Other,jazz,10,96480.6,20.0
346,64,Other,pop,2,137604.0,50.0
346,64,Other,rock,4,85518.25,25.0
347,44,Other,classical,2,103592.5,0.0
347,44,Other,hip-hop,4,65102.0,0.0
347,44,Other,jazz,4,91196.5,25.0
347,44,Other,pop,2,86663.0,0.0
347,44,Other,rock,1,30330.0,0.0
348,73,Other,classical,2,156715.5,0.0
348,73,Other,hip-hop,5,54687.0,0.0
348,73,Other,jazz,1,19839.0,0.0
348,73,Other,pop,7,130815.4286,42.8571
348,73,Other,rock,5,113331.6,20.0
349,15,Other,classical,2,478462.5,50.0
349,15,Other,hip-hop,1,204396.0,0.0
349,15,Other,jazz,3,94277.3333,0.0
349,15,Other,pop,6,105996.1667,0.0
349,15,Other,rock,6,110875.1667,0.0
350,48,Other,classical,1,136672.0,0.0
350,48,Other,hip-hop,1,92121.0,0.0
350,48,Other,jazz,6,72757.5,0.0
350,48,Other,rock,2,54165.5,0.0
351,20,F,classical,3,132815.6667,0.0
351,20,F,hip-hop,4,134631.25,25.0
351,20,F,jazz,2,182269.0,50.0
351,20,F,pop,5,120124.4,0.0
351,20,F,rock,3,111504.3333,33.3333
352,21,F,classical,4,227654.5,25.0
352,21,F,hip-hop,3,86576.6667,0.0
352,21,F,jazz,3,121447.6667,0.0
352,21,F,pop,7,129001.8571,14.2857
352,21,F,rock,2,94226.5,0.0
353,71,M,classical,2,169263.0,50.0
353,71,M,jazz,2,120274.5,0.0
353,71,M,pop,4,184303.75,25.0
353,71,M,rock,6,108580.3333,16.6667
354,78,Other,classical,4,89603.25,0.0
354,78,Other,hip-hop,2,54687.0,0.0
354,78,Other,jazz,8,62129.625,0.0
354,78,Other,pop,4,72208.5,0.0
354,78,Other,rock,2,44881.5,0.0
355,17,M,classical,6,164184.5,16.6667
355,17,M,hip-hop,3,42158.0,0.0
355,17,M,jazz,1,112514.0,100.0
355,17,M,pop,4,116375.0,25.0
355,17,M,rock,4,70196.5,0.0
356,50,F,classical,1,147063.0,0.0
356,50,F,jazz,6,51932.6667,0.0
356,50,F,pop,5,122751.2,20.0
356,50,F,rock,5,82119.6,20.0
357,21,M,classical,4,185051.25,0.0
357,21,M,hip-hop,3,115366.3333,0.0
357,21,M,jazz,5,178398.2,0.0
357,21,M,pop,3,124823.0,33.3333
357,21,M,rock,1,221763.0,100.0
358,13,Other,classical,1,36651.0,0.0
358,13,Other,hip-hop,4,89783.5,0.0
358,13,Other,jazz,6,79307.6667,16.6667
358,13,Other,pop,2,19804.5,0.0
358,13,Other,rock,3,150375.0,33.3333
359,67,F,classical,5,55887.2,0.0
359,67,F,hip-hop,6,99597.5,0.0
359,67,F,jazz,6,148602.8333,16.6667
359,67,F,pop,4,166368.25,0.0
359,67,F,rock,4,136873.5,25.0
360,63,Other,classical,1,2827.0,0.0
360,63,Other,hip-hop,8,108513.125,25.0
360,63,Other,jazz,6,90434.6667,16.6667
360,63,Other,pop,3,87498.0,0.0
360,63,Other,rock,7,104223.5714,14.2857
361,34,M,classical,5,148357.6,0.0
361,34,M,hip-hop,4,53928.0,0.0
361,34,M,jazz,4,138737.75,50.0
361,34,M,pop,5,103715.2,20.0
361,34,M,rock,2,132722.5,0.0
362,32,M,classical,3,81271.6667,33.3333
362,32,M,hip-hop,3,90373.0,0.0
362,32,M,jazz,1,99718.0,0.0
362,32,M,pop,6,113207.5,33.3333
362,32,M,rock,2,66706.0,0.0
363,75,M,classical,6,112820.3333,16.6667
363,75,M,hip-hop,3,123455.0,0.0
363,75,M,jazz,3,109731.3333,33.3333
363,75,M,pop,2,77356.0,0.0
363,75,M,rock,5,87006.4,0.0
364,45,Other,classical,2,84113.5,0.0
364,45,Other,hip-hop,4,146358.0,25.0
364,45,Other,jazz,2,62705.0,0.0
364,45,Other,pop,2,146972.5,0.0
364,45,Other,rock,3,47413.6667,0.0
365,25,M,classical,4,87005.0,25.0
365,25,M,hip-hop,3,113628.3333,0.0
365,25,M,jazz,2,41451.0,0.0
365,25,M,pop,2,99655.0,0.0
365,25,M,rock,8,169877.75,12.5
366,70,M,classical,3,104337.0,0.0
366,70,M,hip-hop,5,74356.6,0.0
366,70,M,jazz,4,120636.75,25.0
366,70,M,pop,8,108891.875,0.0
366,70,M,rock,3,72403.3333,0.0
367,58,Other,classical,7,77567.1429,0.0
367,58,Other,hip-hop,3,127039.0,33.3333
367,58,Other,jazz,3,87817.0,33.3333
367,58,Other,pop,6,103461.5,0.0
367,58,Other,rock,4,80726.0,25.0
368,37,M,classical,2,28432.5,0.0
368,37,M,hip-hop,5,97653.2,20.0
368,37,M,jazz,6,117506.8333,0.0
368,37,M,pop,4,64714.5,0.0
368,37,M,rock,3,99470.3333,0.0
369,73,M,classical,3,99143.0,0.0
369,73,M,hip-hop,7,87640.8571,14.2857
369,73,M,jazz,2,119373.5,0.0
369,73,M,pop,4,34771.75,0.0
370,27,F,classical,1,143320.0,100.0
370,27,F,hip-hop,4,75990.75,0.0
370,27,F,jazz,2,55521.5,0.0
370,27,F,pop,6,129742.5,0.0
370,27,F,rock,3,120602.0,0.0
371,14,Other,classical,2,67874.5,0.0
371,14,Other,hip-hop,2,117704.0,0.0
371,14,Other,jazz,3,69056.3333,0.0
371,14,Other,pop,4,91722.5,0.0
372,71,M,classical,3,30232.6667,0.0
372,71,M,hip-hop,3,138265.0,33.3333
372,71,M,jazz,2,113759.0,0.0
372,71,M,pop,2,64332.5,50.0
372,71,M,rock,1,242929.0,100.0
373,75,F,classical,2,345189.5,50.0
373,75,F,hip-hop,3,134323.3333,0.0
373,75,F,jazz,4,109710.25,0.0
373,75,F,pop,3,19986.6667,0.0
373,75,F,rock,5,93277.4,0.0
374,46,F,hip-hop,4,87901.75,25.0
374,46,F,jazz,3,78504.0,0.0
374,46,F,pop,2,140695.5,50.0
374,46,F,rock,1,71098.0,0.0
375,51,Other,classical,3,31042.6667,0.0
375,51,Other,hip-hop,2,93017.5,0.0
375,51,Other,jazz,2,93009.5,0.0
375,51,Other,pop,7,106908.7143,0.0
375,51,Other,rock,4,135098.25,0.0
376,51,M,classical,7,159221.2857,14.2857
376,51,M,hip-hop,3,115226.6667,33.3333
376,51,M,jazz,3,66226.6667,0.0
376,51,M,pop,5,126288.6,0.0
376,51,M,rock,3,145121.6667,0.0
377,80,M,classical,4,195041.5,0.0
377,80,M,hip-hop,3,83392.3333,0.0
377,80,M,jazz,4,118038.5,25.0
377,80,M,pop,3,100045.6667,0.0
377,80,M,rock,5,190753.2,40.0
378,74,Other,classical,5,50207.0,0.0
378,74,Other,hip-hop,2,56530.0,0.0
378,74,Other,jazz,1,108277.0,0.0
378,74,Other,pop,3,139032.3333,0.0
378,74,Other,rock,2,55470.5,0.0
379,29,M,classical,6,48026.1667,0.0
379,29,M,hip-hop,4,54645.5,0.0
379,29,M,jazz,5,71513.8,20.0
379,29,M,pop,2,229765.5,50.0
379,29,M,rock,3,64642.3333,0.0
380,40,M,classical,2,145150.5,50.0
380,40,M,hip-hop,6,122870.5,16.6667
380,40,M,jazz,6,91149.1667,16.6667
380,40,M,pop,6,63591.3333,0.0
380,40,M,rock,1,76538.0,0.0
381,49,F,jazz,2,27891.5,0.0
381,49,F,pop,3,89304.6667,0.0
382,43,M,classical,3,107995.6667,0.0
382,43,M,hip-hop,7,120175.4286,14.2857
382,43,M,jazz,5,94909.2,0.0
382,43,M,pop,7,88958.7143,0.0
382,43,M,rock,5,73054.0,0.0
383,71,F,classical,5,136295.2,0.0
383,71,F,hip-hop,3,119024.3333,0.0
383,71,F,pop,2,61305.5,0.0
383,71,F,rock,3,125719.0,33.3333
384,75,Other,classical,1,75297.0,0.0
384,75,Other,hip-hop,6,106674.8333,0.0
384,75,Other,jazz,4,72868.0,0.0
384,75,Other,pop,3,106849.3333,33.3333
384,75,Other,rock,4,111056.5,0.0
385,80,M,classical,3,111797.6667,0.0
385,80,M,hip-hop,6,130890.0,50.0
385,80,M,jazz,1,104592.0,0.0
385,80,M,pop,3,78497.0,0.0
385,80,M,rock,3,125445.6667,0.0
386,50,Other,classical,3,172845.6667,0.0
386,50,Other,hip-hop,5,90812.0,20.0
386,50,Other,jazz,7,98856.2857,0.0
386,50,Other,pop,2,126195.5,0.0
386,50,Other,rock,1,31372.0,0.0
387,28,Other,classical,3,111757.6667,0.0
387,28,Other,hip-hop,1,39135.0,0.0
387,28,Other,jazz,5,89973.4,20.0
387,28,Other,pop,6,139079.0,0.0
387,28,Other,rock,3,70669.6667,33.3333
388,61,Other,classical,2,37287.5,0.0
388,61,Other,hip-hop,3,94996.6667,0.0
388,61,Other,jazz,2,39308.5,0.0
388,61,Other,pop,5,62074.4,0.0
388,61,Other,rock,5,99325.6,20.0
389,74,F,classical,3,33159.3333,0.0
389,74,F,hip-hop,9,105741.7778,11.1111
389,74,F,jazz,4,95805.0,25.0
389,74,F,pop,3,114015.3333,0.0
389,74,F,rock,3,59273.0,0.0
390,53,Other,classical,3,49981.3333,0.0
390,53,Other,hip-hop,1,15066.0,0.0
390,53,Other,jazz,2,75071.5,0.0
390,53,Other,pop,4,149438.25,0.0
390,53,Other,rock,3,79393.3333,0.0
391,33,M,classical,4,73558.0,0.0
391,33,M,jazz,5,77568.6,0.0
391,33,M,pop,6,93085.8333,0.0
391,33,M,rock,3,33390.6667,0.0
392,33,F,classical,8,74760.375,0.0
392,33,F,hip-hop,1,165963.0,0.0
392,33,F,jazz,3,68188.3333,33.3333
392,33,F,pop,6,143659.8333,16.6667
392,33,F,rock,1,170713.0,0.0
393,15,F,classical,3,277151.3333,0.0
393,15,F,hip-hop,1,79.0,0.0
393,15,F,jazz,5,167829.8,20.0
393,15,F,pop,2,160565.5,0.0
393,15,F,rock,6,123703.6667,16.6667
394,33,M,classical,9,85765.6667,11.1111
394,33,M,hip-hop,5,84345.0,0.0
394,33,M,jazz,3,51760.0,0.0
394,33,M,pop,5,80594.4,0.0
394,33,M,rock,7,144950.4286,28.5714
395,17,Other,classical,7,73901.1429,0.0
395,17,Other,hip-hop,3,79924.6667,0.0
395,17,Other,jazz,1,147768.0,0.0
395,17,Other,pop,4,99834.25,25.0
395,17,Other,rock,4,115758.25,0.0
396,63,M,classical,4,181620.0,0.0
396,63,M,hip-hop,5,121345.8,20.0
396,63,M,jazz,6,127623.8333,0.0
396,63,M,pop,3,70427.0,0.0
396,63,M,rock,2,165237.0,50.0
397,37,F,classical,5,86913.4,0.0
397,37,F,hip-hop,1,182740.0,0.0
397,37,F,jazz,2,232207.5,0.0
397,37,F,rock,1,49408.0,0.0
398,75,F,classical,4,187029.5,25.0
398,75,F,hip-hop,1,59952.0,0.0
398,75,F,pop,4,182806.0,25.0
398,75,F,rock,2,108495.0,0.0
399,69,F,classical,1,9185.0,0.0
399,69,F,hip-hop,4,119376.0,25.0
399,69,F,jazz,2,201087.0,50.0
399,69,F,pop,3,109153.6667,33.3333
399,69,F,rock,6,87109.8333,0.0
400,73,M,classical,1,57327.0,0.0
400,73,M,hip-hop,5,86427.8,20.0
400,73,M,jazz,5,87688.4,0.0
400,73,M,pop,2,124434.0,0.0
400,73,M,rock,7,117642.2857,14.2857
401,75,M,classical,2,43182.5,0.0
401,75,M,hip-hop,4,110796.0,0.0
401,75,M,jazz,7,98853.8571,0.0
401,75,M,pop,4,83476.0,25.0
401,75,M,rock,3,11184.0,0.0
402,16,M,classical,2,101498.5,0.0
402,16,M,hip-hop,1,214239.0,0.0
402,16,M,jazz,4,140023.5,25.0
402,16,M,pop,4,76650.5,0.0
402,16,M,rock,3,164716.0,33.3333
403,36,F,classical,4,142977.0,25.0
403,36,F,hip-hop,7,80457.4286,0.0
403,36,F,jazz,7,118440.0,14.2857
403,36,F,pop,7,89237.1429,14.2857
403,36,F,rock,5,140226.6,20.0
404,54,M,classical,1,50527.0,0.0
404,54,M,hip-hop,2,135160.5,50.0
404,54,M,jazz,7,100886.0,0.0
404,54,M,pop,2,172576.0,0.0
404,54,M,rock,4,142078.75,0.0
405,61,Other,classical,4,101633.25,0.0
405,61,Other,hip-hop,3,76823.0,33.3333
405,61,Other,jazz,4,98640.5,0.0
405,61,Other,pop,7,98200.1429,0.0
405,61,Other,rock,1,7970.0,0.0
406,22,Other,hip-hop,4,72818.0,0.0
406,22,Other,jazz,2,307172.0,0.0
406,22,Other,rock,1,78547.0,0.0
407,78,F,classical,2,44080.5,0.0
407,78,F,hip-hop,2,92483.5,0.0
407,78,F,jazz,6,210705.1667,50.0
407,78,F,pop,4,105567.5,25.0
407,78,F,rock,4,153178.25,25.0
408,68,F,classical,3,108844.6667,33.3333
408,68,F,hip-hop,1,79569.0,0.0
408,68,F,jazz,1,92020.0,0.0
408,68,F,pop,4,72974.25,0.0
408,68,F,rock,2,115363.5,0.0
409,50,M,classical,3,140281.6667,0.0
409,50,M,hip-hop,2,62839.5,0.0
409,50,M,jazz,6,107047.5,0.0
409,50,M,pop,2,70058.0,0.0
409,50,M,rock,2,216282.5,0.0
410,55,F,classical,4,131315.5,25.0
410,55,F,hip-hop,7,75262.7143,0.0
410,55,F,jazz,2,82153.0,0.0
410,55,F,pop,5,119860.6,20.0
410,55,F,rock,4,125166.25,0.0
411,44,M,classical,3,97713.0,0.0
411,44,M,hip-hop,7,81705.7143,0.0
411,44,M,jazz,4,67560.5,0.0
411,44,M,pop,2,74056.0,0.0
411,44,M,rock,2,155910.0,0.0
412,30,Other,classical,3,35820.0,0.0
412,30,Other,hip-hop,3,91809.3333,0.0
412,30,Other,jazz,1,316579.0,0.0
412,30,Other,pop,3,66189.6667,0.0
412,30,Other,rock,2,151762.5,0.0
413,23,F,classical,4,72520.0,0.0
413,23,F,hip-hop,3,123299.0,0.0
413,23,F,jazz,4,115693.25,50.0
413,23,F,pop,6,72333.0,0.0
413,23,F,rock,5,142509.8,0.0
414,43,F,classical,2,10161.0,0.0
414,43,F,hip-hop,5,160246.2,40.0
414,43,F,jazz,6,134859.1667,16.6667
414,43,F,pop,3,81761.0,0.0
414,43,F,rock,3,138056.0,0.0
415,52,F,classical,2,42268.0,0.0
415,52,F,hip-hop,3,127911.6667,33.3333
415,52,F,jazz,2,167864.5,0.0
415,52,F,pop,3,70191.0,0.0
415,52,F,rock,5,58639.0,0.0
416,27,Other,classical,2,61805.0,0.0
416,27,Other,hip-hop,3,79502.0,0.0
416,27,Other,jazz,3,57174.6667,0.0
416,27,Other,pop,5,137821.2,0.0
416,27,Other,rock,4,150072.75,0.0
417,25,F,classical,2,133295.0,0.0
417,25,F,hip-hop,3,42973.3333,0.0
417,25,F,jazz,5,108650.2,20.0
417,25,F,pop,3,128475.3333,0.0
417,25,F,rock,4,129345.75,25.0
418,50,M,hip-hop,3,52518.6667,0.0
418,50,M,jazz,2,70701.5,0.0
418,50,M,pop,4,88757.75,0.0
418,50,M,rock,5,78603.4,0.0
419,60,F,classical,3,212455.3333,0.0
419,60,F,hip-hop,2,144842.0,50.0
419,60,F,jazz,4,89008.25,0.0
419,60,F,pop,2,126477.0,0.0
419,60,F,rock,3,55122.0,0.0
420,58,F,classical,3,205798.6667,100.0
420,58,F,hip-hop,3,122391.3333,0.0
420,58,F,jazz,4,94425.75,25.0
420,58,F,pop,2,139180.0,50.0
420,58,F,rock,4,110304.25,25.0
421,80,M,hip-hop,6,94549.6667,16.6667
421,80,M,jazz,5,83043.4,0.0
421,80,M,pop,2,58553.0,0.0
421,80,M,rock,4,154156.75,0.0
422,24,F,classical,6,100547.1667,33.3333
422,24,F,hip-hop,2,140483.5,0.0
422,24,F,jazz,2,147501.5,0.0
422,24,F,pop,7,114020.2857,14.2857
422,24,F,rock,4,80168.5,0.0
423,66,Other,classical,4,115510.5,0.0
423,66,Other,hip-hop,5,64539.8,0.0
423,66,Other,jazz,4,116271.75,0.0
423,66,Other,pop,3,84875.0,0.0
423,66,Other,rock,3,68345.3333,0.0
424,60,F,classical,2,204174.5,0.0
424,60,F,hip-hop,4,89363.0,0.0
424,60,F,jazz,2,106829.5,0.0
424,60,F,pop,2,112344.5,50.0
424,60,F,rock,6,165047.1667,33.3333
425,54,Other,classical,3,164662.3333,33.3333
425,54,Other,hip-hop,5,55074.2,0.0
425,54,Other,jazz,2,82242.0,0.0
425,54,Other,pop,2,107122.0,0.0
425,54,Other,rock,4,87796.0,0.0
426,39,F,classical,5,68130.0,0.0
426,39,F,hip-hop,3,123999.3333,0.0
426,39,F,jazz,1,104685.0,0.0
426,39,F,pop,1,139754.0,0.0
426,39,F,rock,5,92890.8,0.0
427,53,Other,classical,4,138764.75,0.0
427,53,Other,hip-hop,3,79920.0,0.0
427,53,Other,jazz,6,93735.3333,16.6667
427,53,Other,pop,4,98927.25,25.0
427,53,Other,rock,4,152984.0,0.0
428,34,M,classical,6,62800.8333,0.0
428,34,M,hip-hop,4,107167.5,0.0
428,34,M,jazz,2,89654.0,0.0
428,34,M,pop,5,90426.0,0.0
428,34,M,rock,1,266801.0,100.0
429,15,Other,classical,2,30509.5,0.0
429,15,Other,hip-hop,4,108168.0,25.0
429,15,Other,jazz,1,76325.0,0.0
429,15,Other,pop,3,116010.0,0.0
429,15,Other,rock,1,49924.0,0.0
430,40,M,classical,3,198706.6667,33.3333
430,40,M,hip-hop,2,118873.5,50.0
430,40,M,jazz,4,108151.5,25.0
430,40,M,pop,5,146154.0,20.0
430,40,M,rock,4,93642.5,25.0
431,39,Other,classical,2,42820.5,0.0
431,39,Other,hip-hop,7,110033.7143,0.0
431,39,Other,jazz,3,61653.6667,0.0
431,39,Other,pop,2,96412.0,0.0
431,39,Other,rock,3,18377.6667,0.0
432,21,F,classical,3,61657.6667,0.0
432,21,F,hip-hop,6,107954.0,16.6667
432,21,F,jazz,3,43670.0,0.0
432,21,F,pop,2,9997.5,0.0
432,21,F,rock,9,112880.8889,22.2222
433,61,M,classical,2,70459.5,0.0
433,61,M,hip-hop,3,83714.0,33.3333
433,61,M,jazz,3,123431.6667,0.0
433,61,M,pop,6,115403.1667,33.3333
433,61,M,rock,7,129122.4286,14.2857
434,76,M,classical,4,154146.75,0.0
434,76,M,hip-hop,8,98112.25,12.5
434,76,M,jazz,2,138851.0,0.0
434,76,M,pop,4,149400.5,0.0
434,76,M,rock,7,125062.2857,14.2857
435,34,Other,hip-hop,5,81157.6,0.0
435,34,Other,jazz,1,19345.0,0.0
435,34,Other,pop,3,52236.0,0.0
435,34,Other,rock,2,163357.5,0.0
436,37,Other,classical,2,133206.5,0.0
436,37,Other,hip-hop,5,122816.0,20.0
436,37,Other,jazz,5,72784.0,0.0
436,37,Other,pop,4,136851.0,25.0
436,37,Other,rock,1,113162.0,0.0
437,61,Other,classical,5,117053.6,20.0
437,61,Other,jazz,4,67826.0,0.0
437,61,Other,pop,3,107264.3333,0.0
437,61,Other,rock,3,131746.6667,0.0
438,78,F,classical,2,46864.5,0.0
438,78,F,hip-hop,4,51354.0,0.0
438,78,F,jazz,3,121920.0,0.0
438,78,F,pop,3,205519.6667,66.6667
438,78,F,rock,4,101227.75,25.0
439,78,F,classical,1,70903.0,0.0
439,78,F,hip-hop,3,65581.3333,0.0
439,78,F,jazz,1,124067.0,0.0
439,78,F,pop,4,132148.75,0.0
439,78,F,rock,1,46162.0,0.0
440,42,M,classical,2,76698.5,0.0
440,42,M,jazz,4,114212.25,25.0
440,42,M,pop,4,68643.0,0.0
440,42,M,rock,4,104559.0,25.0
441,76,M,classical,3,119734.3333,0.0
441,76,M,hip-hop,1,90184.0,0.0
441,76,M,jazz,3,102426.3333,0.0
441,76,M,pop,2,102075.0,0.0
441,76,M,rock,2,197288.5,0.0
442,52,M,classical,2,215023.5,0.0
442,52,M,hip-hop,5,143217.8,20.0
442,52,M,jazz,5,151071.4,0.0
442,52,M,pop,2,61331.0,0.0
442,52,M,rock,2,84701.0,0.0
443,51,F,classical,3,196065.6667,33.3333
443,51,F,hip-hop,3,131847.6667,0.0
443,51,F,jazz,5,141184.2,20.0
443,51,F,pop,2,76749.0,0.0
443,51,F,rock,3,111704.6667,33.3333
444,44,M,classical,4,205569.25,0.0
444,44,M,hip-hop,3,67461.6667,0.0
444,44,M,jazz,5,170597.2,0.0
444,44,M,pop,4,168610.75,25.0
444,44,M,rock,3,118588.6667,0.0
445,60,Other,classical,4,207594.25,0.0
445,60,Other,hip-hop,3,51598.0,0.0
445,60,Other,jazz,9,86100.0,11.1111
445,60,Other,pop,3,177224.3333,66.6667
445,60,Other,rock,2,84033.0,0.0
446,20,F,classical,4,69778.0,25.0
446,20,F,hip-hop,6,80461.5,0.0
446,20,F,jazz,5,86398.6,0.0
446,20,F,pop,2,97066.5,0.0
446,20,F,rock,3,62991.3333,0.0
447,28,Other,classical,4,251138.5,25.0
447,28,Other,hip-hop,3,74031.6667,0.0
447,28,Other,jazz,6,123343.6667,16.6667
447,28,Other,pop,5,119697.2,0.0
447,28,Other,rock,2,128134.5,0.0
448,69,Other,classical,5,70926.6,0.0
448,69,Other,hip-hop,5,119693.4,0.0
448,69,Other,jazz,2,75170.0,0.0
448,69,Other,pop,1,215583.0,100.0
448,69,Other,rock,6,113014.0,16.6667
449,32,Other,classical,9,66235.8889,11.1111
449,32,Other,hip-hop,5,54572.6,0.0
449,32,Other,jazz,4,103160.75,0.0
449,32,Other,pop,4,205689.5,25.0
449,32,Other,rock,3,53077.3333,0.0
450,40,M,classical,5,67041.8,0.0
450,40,M,hip-hop,4,73197.5,0.0
450,40,M,jazz,2,100600.0,0.0
450,40,M,pop,6,106293.6667,16.6667
450,40,M,rock,3,55615.6667,0.0
451,71,M,classical,3,137314.3333,0.0
451,71,M,hip-hop,4,66240.0,0.0
451,71,M,jazz,2,65124.5,0.0
451,71,M,pop,3,61578.0,0.0
451,71,M,rock,1,307389.0,0.0
452,75,M,classical,1,2938.0,0.0
452,75,M,hip-hop,3,165229.3333,33.3333
452,75,M,jazz,6,109743.3333,0.0
452,75,M,pop,5,122173.2,20.0
452,75,M,rock,7,101131.5714,0.0
453,54,F,classical,3,118568.6667,0.0
453,54,F,hip-hop,4,129086.25,0.0
453,54,F,jazz,3,38017.6667,0.0
453,54,F,pop,7,104889.8571,0.0
453,54,F,rock,4,162203.0,25.0
454,75,M,classical,3,163404.3333,33.3333
454,75,M,hip-hop,4,64006.75,0.0
454,75,M,jazz,2,105793.0,0.0
454,75,M,pop,3,111671.6667,0.0
454,75,M,rock,1,83441.0,0.0
455,23,Other,classical,4,228772.25,0.0
455,23,Other,hip-hop,6,87175.5,0.0
455,23,Other,jazz,2,132002.0,0.0
455,23,Other,pop,8,176164.125,37.5
455,23,Other,rock,5,133477.2,20.0
456,31,M,classical,4,45334.75,0.0
456,31,M,hip-hop,5,89170.4,0.0
456,31,M,jazz,1,69110.0,0.0
456,31,M,pop,5,74560.0,0.0
456,31,M,rock,4,148643.0,25.0
457,20,F,classical,1,35986.0,0.0
457,20,F,hip-hop,8,126379.875,12.5
457,20,F,jazz,2,115581.5,0.0
457,20,F,pop,5,97084.2,0.0
457,20,F,rock,4,174826.25,25.0
458,48,M,classical,2,57464.0,0.0
458,48,M,hip-hop,2,130637.0,50.0
458,48,M,jazz,2,96812.0,50.0
458,48,M,pop,6,87045.8333,0.0
458,48,M,rock,4,136303.25,25.0
459,80,Other,classical,3,88982.6667,33.3333
459,80,Other,hip-hop,2,162079.0,0.0
459,80,Other,jazz,4,127102.25,75.0
459,80,Other,pop,7,120471.8571,14.2857
459,80,Other,rock,2,91095.0,0.0
460,62,M,classical,2,143238.5,50.0
460,62,M,hip-hop,1,118695.0,0.0
460,62,M,jazz,2,61251.0,0.0
460,62,M,pop,6,107055.3333,0.0
460,62,M,rock,1,7190.0,0.0
461,73,M,classical,4,193760.5,0.0
461,73,M,hip-hop,7,111425.7143,28.5714
461,73,M,jazz,4,165805.0,0.0
461,73,M,pop,2,142357.0,0.0
461,73,M,rock,4,131726.5,0.0
462,18,Other,classical,10,112146.0,10.0
462,18,Other,hip-hop,1,108879.0,0.0
462,18,Other,jazz,4,72057.75,0.0
462,18,Other,rock,4,84197.0,0.0
463,17,M,classical,6,121385.5,0.0
463,17,M,hip-hop,5,156859.8,20.0
463,17,M,jazz,7,117930.1429,0.0
463,17,M,pop,11,112399.0,9.0909
463,17,M,rock,3,71831.0,33.3333
464,34,F,classical,3,151252.6667,0.0
464,34,F,hip-hop,4,94897.75,0.0
464,34,F,jazz,2,170013.5,0.0
464,34,F,pop,6,98201.1667,0.0
464,34,F,rock,7,122630.5714,0.0
465,76,M,classical,8,121605.375,50.0
465,76,M,hip-hop,4,166421.75,25.0
465,76,M,jazz,3,55942.6667,0.0
465,76,M,pop,3,95974.3333,0.0
465,76,M,rock,1,167253.0,0.0
466,23,F,classical,1,297860.0,0.0
466,23,F,hip-hop,3,222232.6667,0.0
466,23,F,jazz,2,145601.0,50.0
466,23,F,pop,4,122454.75,0.0
466,23,F,rock,3,67646.3333,0.0
467,61,F,classical,6,160105.0,33.3333
467,61,F,hip-hop,1,80184.0,0.0
467,61,F,jazz,3,84139.0,0.0
467,61,F,pop,3,110880.3333,33.3333
467,61,F,rock,6,87644.6667,16.6667
468,72,M,classical,1,53624.0,0.0
468,72,M,hip-hop,2,38932.0,0.0
468,72,M,jazz,2,97921.5,0.0
468,72,M,pop,5,146840.0,60.0
468,72,M,rock,4,86480.0,0.0
469,36,F,classical,3,100693.6667,0.0
469,36,F,hip-hop,4,143116.75,25.0
469,36,F,jazz,1,212960.0,0.0
469,36,F,pop,3,103482.0,0.0
469,36,F,rock,4,71210.5,0.0
470,47,Other,classical,1,154430.0,0.0
470,47,Other,hip-hop,9,110084.5556,11.1111
470,47,Other,jazz,3,35944.6667,0.0
470,47,Other,pop,3,67529.6667,33.3333
470,47,Other,rock,1,137019.0,0.0
471,22,M,classical,6,248446.5,0.0
471,22,M,hip-hop,3,107938.6667,33.3333
471,22,M,jazz,7,128263.2857,14.2857
471,22,M,pop,2,94397.5,0.0
471,22,M,rock,4,17647.75,0.0
472,30,M,classical,5,202769.4,20.0
472,30,M,hip-hop,4,51589.0,0.0
472,30,M,jazz,5,92199.6,0.0
472,30,M,pop,2,20468.0,0.0
472,30,M,rock,7,64229.5714,0.0
473,24,Other,classical,6,83327.1667,0.0
473,24,Other,hip-hop,7,62208.1429,0.0
473,24,Other,jazz,6,85186.8333,0.0
473,24,Other,pop,3,104972.6667,33.3333
473,24,Other,rock,8,104833.25,12.5
474,64,Other,classical,8,84196.75,12.5
474,64,Other,hip-hop,1,113742.0,0.0
474,64,Other,jazz,5,92116.8,20.0
474,64,Other,pop,2,69770.5,0.0
474,64,Other,rock,3,122220.0,0.0
475,22,F,classical,2,163828.0,50.0
475,22,F,hip-hop,5,54378.0,0.0
475,22,F,jazz,3,81030.6667,0.0
475,22,F,pop,1,148279.0,100.0
475,22,F,rock,5,119255.6,20.0
476,77,F,classical,2,74363.5,0.0
476,77,F,hip-hop,2,167356.5,0.0
476,77,F,jazz,3,180177.6667,66.6667
476,77,F,pop,3,134682.0,33.3333
476,77,F,rock,1,193147.0,0.0
477,68,F,classical,4,92170.0,0.0
477,68,F,hip-hop,4,91550.5,0.0
477,68,F,jazz,3,57032.0,0.0
477,68,F,pop,2,18329.0,0.0
477,68,F,rock,6,103832.8333,0.0
478,74,M,classical,3,144031.0,0.0
478,74,M,hip-hop,7,123677.1429,28.5714
478,74,M,jazz,1,153347.0,0.0
478,74,M,pop,2,127653.5,0.0
478,74,M,rock,5,69594.8,0.0
479,67,F,classical,8,116758.125,37.5
479,67,F,hip-hop,2,22656.5,0.0
479,67,F,jazz,3,122422.0,33.3333
479,67,F,pop,5,122118.8,0.0
479,67,F,rock,8,106414.125,12.5
480,56,M,classical,5,118459.0,0.0
480,56,M,hip-hop,5,91943.6,0.0
480,56,M,jazz,2,56519.0,0.0
480,56,M,pop,3,46404.0,0.0
480,56,M,rock,1,20192.0,0.0
481,52,F,hip-hop,5,99043.4,20.0
481,52,F,jazz,6,93879.5,0.0
481,52,F,pop,4,106765.75,25.0
481,52,F,rock,3,150770.0,0.0
482,32,M,classical,2,451294.5,0.0
482,32,M,hip-hop,5,145092.0,20.0
482,32,M,jazz,2,155453.5,0.0
482,32,M,pop,2,108515.0,50.0
482,32,M,rock,6,79880.6667,0.0
483,20,M,classical,3,45341.0,0.0
483,20,M,hip-hop,5,107956.8,0.0
483,20,M,jazz,4,69254.5,0.0
483,20,M,pop,2,103404.0,0.0
483,20,M,rock,5,129982.4,0.0
484,27,Other,classical,5,410397.6,20.0
484,27,Other,hip-hop,1,156237.0,100.0
484,27,Other,jazz,4,112699.0,0.0
484,27,Other,rock,1,56444.0,0.0
485,66,Other,classical,3,132179.0,33.3333
485,66,Other,hip-hop,3,74742.3333,0.0
485,66,Other,jazz,4,121073.5,25.0
485,66,Other,pop,4,124379.5,25.0
485,66,Other,rock,3,146121.6667,33.3333
486,54,F,classical,1,128457.0,0.0
486,54,F,hip-hop,2,88623.0,0.0
486,54,F,jazz,5,117038.8,0.0
486,54,F,pop,1,57114.0,0.0
486,54,F,rock,5,98362.4,0.0
487,77,F,classical,4,105244.0,0.0
487,77,F,hip-hop,2,222877.5,0.0
487,77,F,jazz,1,68343.0,0.0
487,77,F,pop,5,96850.2,20.0
487,77,F,rock,4,122156.75,0.0
488,78,F,classical,6,64939.8333,16.6667
488,78,F,hip-hop,3,73711.6667,0.0
488,78,F,jazz,5,168768.6,0.0
488,78,F,pop,4,150827.75,50.0
488,78,F,rock,1,136697.0,0.0
489,41,M,classical,2,18536.5,0.0
489,41,M,jazz,1,41082.0,0.0
489,41,M,pop,6,63546.8333,0.0
489,41,M,rock,4,72840.75,0.0
490,75,Other,classical,3,316839.3333,0.0
490,75,Other,hip-hop,3,140769.3333,33.3333
490,75,Other,jazz,1,50915.0,0.0
490,75,Other,pop,5,88238.4,0.0
490,75,Other,rock,4,185466.0,0.0
491,58,Other,classical,3,70736.3333,0.0
491,58,Other,hip-hop,4,156348.75,25.0
491,58,Other,jazz,4,171242.75,25.0
491,58,Other,pop,5,95601.8,20.0
491,58,Other,rock,3,123950.3333,0.0
492,57,M,classical,1,101530.0,0.0
492,57,M,hip-hop,1,110399.0,0.0
492,57,M,jazz,3,93812.0,0.0
492,57,M,pop,3,111548.6667,0.0
492,57,M,rock,2,46426.0,0.0
493,21,F,classical,4,90595.0,25.0
493,21,F,hip-hop,3,100213.6667,0.0
493,21,F,jazz,3,109707.3333,0.0
493,21,F,pop,2,67059.0,0.0
493,21,F,rock,4,53781.25,0.0
494,43,Other,classical,2,18386.0,0.0
494,43,Other,hip-hop,3,73566.6667,0.0
494,43,Other,jazz,3,135363.0,0.0
494,43,Other,pop,3,129363.6667,0.0
494,43,Other,rock,2,255349.0,100.0
495,39,F,classical,2,112246.5,0.0
495,39,F,hip-hop,1,33737.0,0.0
495,39,F,jazz,3,147240.3333,0.0
495,39,F,pop,5,110943.4,20.0
495,39,F,rock,2,93025.5,0.0
496,71,Other,classical,6,72330.5,0.0
496,71,Other,hip-hop,4,109656.5,0.0
496,71,Other,jazz,5,114372.0,0.0
496,71,Other,pop,3,66844.0,0.0
496,71,Other,rock,1,262814.0,0.0
497,59,F,classical,4,68515.0,0.0
497,59,F,hip-hop,3,95513.3333,33.3333
497,59,F,jazz,4,167925.5,25.0
497,59,F,pop,5,90356.4,0.0
497,59,F,rock,4,97826.25,25.0
498,65,M,classical,4,223208.5,0.0
498,65,M,hip-hop,1,195910.0,0.0
498,65,M,jazz,1,102047.0,0.0
498,65,M,pop,2,137826.5,0.0
499,61,Other,classical,6,132563.3333,16.6667
499,61,Other,hip-hop,4,100014.0,0.0
499,61,Other,jazz,3,110385.3333,0.0
499,61,Other,pop,2,109219.5,0.0
499,61,Other,rock,1,133252.0,0.0
500,14,M,classical,3,82831.0,0.0
500,14,M,hip-hop,3,59868.6667,0.0
500,14,M,jazz,6,91948.5,16.6667
500,14,M,pop,1,162838.0,0.0
500,14,M,rock,4,148273.25,50.0
501,37,Other,classical,3,85503.3333,0.0
501,37,Other,hip-hop,5,74809.0,0.0
501,37,Other,jazz,4,132908.5,0.0
501,37,Other,pop,2,156796.0,0.0
501,37,Other,rock,4,142979.75,0.0
502,36,Other,classical,5,84907.4,0.0
502,36,Other,hip-hop,4,127858.0,25.0
502,36,Other,jazz,2,54665.0,0.0
502,36,Other,pop,3,141463.0,0.0
502,36,Other,rock,3,109704.3333,33.3333
503,15,Other,classical,7,110883.7143,14.2857
503,15,Other,hip-hop,2,89893.5,0.0
503,15,Other,jazz,3,114783.0,0.0
503,15,Other,pop,8,96450.5,12.5
503,15,Other,rock,2,78929.5,0.0
504,23,M,classical,8,138376.5,12.5
504,23,M,hip-hop,6,86834.8333,0.0
504,23,M,jazz,4,74423.5,0.0
504,23,M,pop,1,49709.0,0.0
504,23,M,rock,2,187876.5,0.0
505,34,M,classical,2,118588.5,50.0
505,34,M,hip-hop,3,85854.0,33.3333
505,34,M,jazz,5,61286.2,0.0
505,34,M,pop,2,56498.0,0.0
505,34,M,rock,3,96996.6667,0.0
506,44,F,classical,4,164202.25,25.0
506,44,F,hip-hop,4,81987.25,0.0
506,44,F,jazz,3,145823.3333,0.0
506,44,F,pop,5,77745.6,0.0
506,44,F,rock,2,120688.0,50.0
507,36,F,classical,6,115761.1667,0.0
507,36,F,hip-hop,4,129299.5,0.0
507,36,F,jazz,6,106243.5,16.6667
507,36,F,pop,4,38100.0,0.0
507,36,F,rock,6,104301.6667,0.0
508,72,M,classical,2,267018.0,0.0
508,72,M,hip-hop,4,142162.25,25.0
508,72,M,jazz,1,67670.0,0.0
508,72,M,pop,2,112800.5,0.0
508,72,M,rock,4,129309.0,0.0
509,15,F,classical,3,181353.0,66.6667
509,15,F,hip-hop,2,90888.0,0.0
509,15,F,jazz,1,52994.0,0.0
509,15,F,pop,4,127507.75,0.0
509,15,F,rock,4,185634.0,50.0
510,73,F,classical,2,74954.0,50.0
510,73,F,hip-hop,4,60133.5,0.0
510,73,F,jazz,4,41427.25,0.0
510,73,F,pop,5,78411.6,0.0
510,73,F,rock,3,186959.3333,33.3333
511,24,F,classical,3,45207.6667,0.0
511,24,F,hip-hop,3,40914.6667,0.0
511,24,F,jazz,3,64156.6667,0.0
511,24,F,pop,4,76266.25,0.0
511,24,F,rock,4,178959.5,25.0
512,15,F,classical,2,137530.5,0.0
512,15,F,hip-hop,5,107830.0,0.0
512,15,F,jazz,1,333106.0,100.0
512,15,F,pop,4,40242.75,0.0
512,15,F,rock,3,83896.0,0.0
513,72,M,classical,4,74444.25,0.0
513,72,M,hip-hop,6,101972.3333,16.6667
513,72,M,jazz,3,95317.0,0.0
513,72,M,pop,1,13853.0,0.0
513,72,M,rock,4,91893.5,0.0
514,37,Other,classical,2,118082.0,0.0
514,37,Other,hip-hop,2,92125.5,0.0
514,37,Other,jazz,6,138355.3333,16.6667
514,37,Other,pop,6,112358.6667,0.0
514,37,Other,rock,5,74581.6,0.0
515,26,M,classical,7,164594.0,28.5714
515,26,M,hip-hop,5,136496.4,20.0
515,26,M,jazz,2,26929.5,0.0
515,26,M,pop,2,172682.5,50.0
515,26,M,rock,3,74795.0,0.0
516,21,Other,classical,6,74458.6667,0.0
516,21,Other,hip-hop,3,98780.6667,33.3333
516,21,Other,jazz,3,58437.0,0.0
516,21,Other,pop,4,85083.75,0.0
516,21,Other,rock,5,132675.8,20.0
517,23,M,classical,2,116815.5,50.0
517,23,M,hip-hop,7,161908.4286,42.8571
517,23,M,jazz,5,123516.4,20.0
517,23,M,pop,2,138180.5,50.0
517,23,M,rock,4,125444.75,0.0
518,17,M,classical,2,87156.0,0.0
518,17,M,hip-hop,5,159686.8,20.0
518,17,M,jazz,5,103871.2,20.0
518,17,M,pop,6,85615.0,0.0
518,17,M,rock,7,143489.1429,14.2857
519,50,M,classical,5,90396.2,0.0
519,50,M,hip-hop,3,158034.6667,0.0
519,50,M,jazz,4,146277.0,25.0
519,50,M,pop,3,90394.6667,0.0
519,50,M,rock,4,58382.25,0.0
520,72,Other,classical,5,38696.2,20.0
520,72,Other,hip-hop,4,104544.5,0.0
520,72,Other,jazz,3,77167.0,0.0
520,72,Other,pop,4,84295.0,0.0
520,72,Other,rock,3,36283.3333,0.0
521,65,F,classical,4,106375.75,0.0
521,65,F,hip-hop,2,104398.0,50.0
521,65,F,jazz,7,88294.4286,0.0
521,65,F,pop,4,104884.75,50.0
521,65,F,rock,4,119356.25,0.0
522,50,F,classical,2,216130.0,50.0
522,50,F,hip-hop,7,113524.7143,0.0
522,50,F,jazz,5,86286.0,0.0
522,50,F,pop,9,79359.6667,11.1111
522,50,F,rock,2,61448.5,0.0
523,66,M,classical,6,200462.1667,0.0
523,66,M,hip-hop,4,50770.75,0.0
523,66,M,jazz,7,86824.5714,0.0
523,66,M,pop,4,93308.75,25.0
523,66,M,rock,1,203348.0,100.0
524,64,Other,classical,3,138539.0,33.3333
524,64,Other,hip-hop,4,104084.25,0.0
524,64,Other,jazz,3,40827.0,0.0
524,64,Other,pop,1,30659.0,0.0
524,64,Other,rock,4,157355.0,0.0
525,44,Other,classical,4,92514.75,0.0
525,44,Other,hip-hop,3,120104.0,33.3333
525,44,Other,pop,3,163189.3333,0.0
525,44,Other,rock,3,157542.6667,33.3333
526,45,Other,classical,1,129211.0,0.0
526,45,Other,hip-hop,6,76252.3333,0.0
526,45,Other,jazz,3,160460.0,0.0
526,45,Other,pop,4,104189.5,0.0
526,45,Other,rock,4,81628.25,0.0
527,42,Other,classical,5,27778.6,0.0
527,42,Other,hip-hop,6,119177.5,16.6667
527,42,Other,jazz,6,163270.5,33.3333
527,42,Other,pop,2,45965.0,0.0
527,42,Other,rock,5,107823.2,0.0
528,33,Other,classical,3,52876.3333,0.0
528,33,Other,hip-hop,4,102730.0,0.0
528,33,Other,jazz,4,88877.5,25.0
528,33,Other,pop,6,147995.8333,0.0
528,33,Other,rock,4,79737.75,0.0
529,72,Other,classical,2,6862.0,0.0
529,72,Other,hip-hop,4,136402.25,25.0
529,72,Other,jazz,2,81546.0,0.0
529,72,Other,pop,4,131033.0,25.0
529,72,Other,rock,5,177898.6,40.0
530,29,F,classical,5,69703.2,20.0
530,29,F,hip-hop,4,119712.25,0.0
530,29,F,jazz,4,80589.5,0.0
530,29,F,pop,3,119357.6667,0.0
530,29,F,rock,1,58009.0,0.0
531,50,M,classical,8,92063.875,12.5
531,50,M,hip-hop,5,92711.2,0.0
531,50,M,jazz,2,123022.5,50.0
531,50,M,pop,1,63349.0,0.0
531,50,M,rock,2,113047.5,0.0
532,71,M,classical,3,84686.0,0.0
532,71,M,hip-hop,3,103777.6667,0.0
532,71,M,jazz,7,97927.1429,14.2857
532,71,M,pop,2,173757.0,50.0
532,71,M,rock,2,107013.5,0.0
533,26,M,classical,4,325385.5,0.0
533,26,M,jazz,2,109426.5,0.0
533,26,M,pop,3,141064.6667,33.3333
533,26,M,rock,3,115659.6667,0.0
534,28,M,classical,3,113698.3333,33.3333
534,28,M,hip-hop,5,106151.8,20.0
534,28,M,jazz,4,87848.5,0.0
534,28,M,pop,3,129790.6667,33.3333
534,28,M,rock,3,105504.3333,0.0
535,65,Other,classical,3,154011.3333,0.0
535,65,Other,hip-hop,3,148507.6667,0.0
535,65,Other,jazz,2,170843.5,50.0
535,65,Other,pop,2,102754.0,0.0
535,65,Other,rock,1,115783.0,0.0
536,31,F,classical,3,306675.3333,0.0
536,31,F,hip-hop,2,82338.0,50.0
536,31,F,jazz,2,83906.5,0.0
536,31,F,pop,6,83421.6667,0.0
536,31,F,rock,2,103260.0,0.0
537,15,Other,classical,4,45166.75,0.0
537,15,Other,hip-hop,5,58450.4,0.0
537,15,Other,jazz,3,148763.3333,0.0
537,15,Other,pop,5,77826.0,0.0
537,15,Other,rock,3,143581.6667,33.3333
538,25,M,classical,4,70064.5,25.0
538,25,M,hip-hop,3,178204.6667,33.3333
538,25,M,jazz,2,65699.5,0.0
538,25,M,pop,4,46387.0,0.0
538,25,M,rock,3,153991.0,0.0
539,68,Other,classical,2,32255.5,0.0
539,68,Other,hip-hop,5,164186.4,20.0
539,68,Other,jazz,1,75475.0,0.0
539,68,Other,pop,3,134979.6667,0.0
539,68,Other,rock,9,113367.3333,0.0
540,47,Other,classical,6,63094.5,16.6667
540,47,Other,hip-hop,3,154618.0,0.0
540,47,Other,jazz,3,125072.0,0.0
540,47,Other,pop,5,64247.6,0.0
540,47,Other,rock,1,77596.0,0.0
541,72,F,classical,4,60114.0,0.0
541,72,F,hip-hop,3,88953.6667,0.0
541,72,F,jazz,2,63876.0,0.0
541,72,F,pop,5,98476.4,20.0
541,72,F,rock,6,99782.5,0.0
542,34,Other,classical,3,173628.0,33.3333
542,34,Other,hip-hop,4,93637.0,0.0
542,34,Other,jazz,5,59502.6,0.0
542,34,Other,pop,6,102511.6667,0.0
542,34,Other,rock,6,84834.3333,0.0
543,37,M,classical,3,276731.0,33.3333
543,37,M,hip-hop,5,112052.8,0.0
543,37,M,jazz,5,128721.8,20.0
543,37,M,pop,2,139496.5,50.0
543,37,M,rock,7,93904.8571,14.2857
544,15,M,classical,3,95471.3333,33.3333
544,15,M,hip-hop,3,144752.3333,0.0
544,15,M,jazz,3,71691.6667,0.0
544,15,M,rock,3,106491.0,0.0
545,57,F,classical,3,21563.6667,0.0
545,57,F,hip-hop,1,98093.0,0.0
545,57,F,jazz,4,78736.75,0.0
545,57,F,pop,5,110267.8,20.0
545,57,F,rock,1,261439.0,0.0
546,38,M,classical,5,151535.2,0.0
546,38,M,hip-hop,5,88528.2,20.0
546,38,M,jazz,5,119441.2,20.0
546,38,M,pop,5,123576.4,0.0
546,38,M,rock,4,136474.25,0.0
547,41,F,classical,1,107164.0,100.0
547,41,F,hip-hop,2,165928.0,0.0
547,41,F,jazz,4,120346.75,0.0
547,41,F,pop,4,133347.75,0.0
547,41,F,rock,2,75515.5,0.0
548,23,M,classical,1,94090.0,0.0
548,23,M,hip-hop,3,127230.3333,0.0
548,23,M,jazz,8,107506.0,0.0
548,23,M,pop,2,93584.0,0.0
548,23,M,rock,3,88515.3333,0.0
549,38,Other,classical,6,126863.0,16.6667
549,38,Other,hip-hop,3,17645.0,0.0
549,38,Other,jazz,1,125137.0,0.0
549,38,Other,pop,3,50123.6667,0.0
549,38,Other,rock,4,135683.0,25.0
550,76,F,classical,7,177694.0,28.5714
550,76,F,hip-hop,4,107517.5,25.0
550,76,F,jazz,2,111587.0,50.0
550,76,F,pop,6,134548.5,0.0
550,76,F,rock,3,139402.6667,0.0
551,63,F,classical,2,222613.5,0.0
551,63,F,hip-hop,4,140493.5,0.0
551,63,F,pop,5,98300.6,0.0
551,63,F,rock,2,134192.5,0.0
552,45,F,classical,1,148089.0,0.0
552,45,F,hip-hop,3,72067.0,0.0
552,45,F,jazz,7,107347.0,28.5714
552,45,F,pop,2,43827.0,0.0
552,45,F,rock,3,145793.0,0.0
553,39,M,classical,4,219351.5,25.0
553,39,M,hip-hop,2,34309.5,0.0
553,39,M,jazz,6,123984.1667,0.0
553,39,M,pop,3,99248.0,0.0
554,62,F,classical,1,53401.0,0.0
554,62,F,hip-hop,4,108431.75,0.0
554,62,F,jazz,3,98854.0,0.0
554,62,F,pop,4,149714.75,25.0
554,62,F,rock,3,98893.0,0.0
555,54,M,classical,3,32985.0,0.0
555,54,M,hip-hop,5,79820.8,0.0
555,54,M,jazz,3,108524.0,0.0
555,54,M,pop,2,126041.5,0.0
555,54,M,rock,6,107369.5,0.0
556,31,M,classical,3,263877.0,33.3333
556,31,M,hip-hop,4,35401.25,0.0
556,31,M,jazz,1,86384.0,0.0
556,31,M,pop,4,153437.5,25.0
556,31,M,rock,5,85369.8,0.0
557,58,M,classical,6,76728.3333,0.0
557,58,M,hip-hop,2,98821.0,0.0
557,58,M,jazz,7,78608.7143,0.0
557,58,M,pop,2,118902.0,0.0
557,58,M,rock,8,102110.25,0.0
558,79,M,classical,5,89101.2,0.0
558,79,M,hip-hop,5,89220.6,20.0
558,79,M,jazz,2,212148.0,0.0
558,79,M,pop,9,96656.5556,0.0
558,79,M,rock,3,138907.3333,66.6667
